id,category,net,layer,x_mm,y_mm,narrow_mm,wide_mm,contact,narrow_run_length_mm,near_terminals,widening_blockers,zone_refill_conflicts,tracks,recommendation
W001,constrained_run_review,+1.2V,F.Cu,12.3,36.8,0.1,0.25,endpoint,7.232412,[],"[{""object"": ""track 729e23b8-afd5-410c-8521-c8af22931740"", ""gap_mm"": 0.026608, ""required_mm"": 0.1}, {""object"": ""pad U2.29"", ""gap_mm"": 0.07231, ""required_mm"": 0.1}, {""object"": ""pad U2.PAD"", ""gap_mm"": 0.035, ""required_mm"": 0.1}, {""object"": ""track 49a96588-e8ee-41e5-829b-05e823518f82"", ""gap_mm"": 0.026608, ""required_mm"": 0.1}]","[{""object"": ""zone 76030032-4582-4478-b113-e25529c5fe3e"", ""gap_mm"": 0.025499, ""required_mm"": 0.1}]","[""6cf4e8b5-4f66-46f2-ab77-b527f596a957"", ""d2c4a19b-6da7-42ee-ab85-efbf2c569a64""]",Widening is blocked on this path. Reroute or choose one electrically adequate width for the complete run; do not retain isolated wide islands by default.
W002,constrained_run_review,+3.3V,B.Cu,13.825,33.2,0.3,0.4,endpoint,0.825,[],"[{""object"": ""via 4b386c5b-0373-492b-9162-66a3ff590934"", ""gap_mm"": 0.071811, ""required_mm"": 0.1}, {""object"": ""track 1ecce5c9-4d40-4c57-8dc0-2f80cc7abc0c"", ""gap_mm"": 0.068198, ""required_mm"": 0.1}]","[{""object"": ""zone aa06dacb-2313-477a-a0df-796d60632bd7"", ""gap_mm"": 0.0505, ""required_mm"": 0.1}]","[""1bbd210e-6eb4-4768-816b-38577a7d6c0b"", ""d7e573cb-19f4-4d87-969a-f936e12e4a3c""]",Widening is blocked on this path. Reroute or choose one electrically adequate width for the complete run; do not retain isolated wide islands by default.
W003,constrained_run_review,ESP_VDD3P3,F.Cu,11.275,9.5,0.1,0.2,endpoint,3.304163,[],"[{""object"": ""via 267e8e29-9a74-4c01-b199-530bfe46a171"", ""gap_mm"": 0.05052, ""required_mm"": 0.1}, {""object"": ""via 6ac4b4ae-69e2-43d9-8980-581769faa357"", ""gap_mm"": 0.068481, ""required_mm"": 0.1}, {""object"": ""via dd281fcd-4c4a-4f7d-a13f-8e46207de680"", ""gap_mm"": 0.085484, ""required_mm"": 0.1}]","[{""object"": ""zone 76030032-4582-4478-b113-e25529c5fe3e"", ""gap_mm"": 0.050499, ""required_mm"": 0.1}]","[""60d92169-7814-4fc0-a0ab-07b7ca83dc7c"", ""74988ef6-b7a3-48da-a4a8-4b8ec9b1698d""]",Widening is blocked on this path. Reroute or choose one electrically adequate width for the complete run; do not retain isolated wide islands by default.
W004,constrained_run_review,ESP_VDD3P3,F.Cu,18.1,10.925,0.2,0.25,endpoint,8.887853,[],"[{""object"": ""pad R22.1"", ""gap_mm"": 0.08495, ""required_mm"": 0.1}, {""object"": ""via e128b6fe-f854-4b47-82fe-e2759cc05e3f"", ""gap_mm"": 0.08, ""required_mm"": 0.1}, {""object"": ""pad L1.1"", ""gap_mm"": 0.075211, ""required_mm"": 0.1}, {""object"": ""pad L3.2"", ""gap_mm"": 0.0796, ""required_mm"": 0.1}, {""object"": ""pad L3.1"", ""gap_mm"": 0.0796, ""required_mm"": 0.1}, {""object"": ""track a85e8c30-1f3d-4fa0-8348-ff209ff313b7"", ""gap_mm"": 0.085876, ""required_mm"": 0.1}, {""object"": ""via 32141843-2452-4ebb-820d-46620f78dfbb"", ""gap_mm"": 0.078553, ""required_mm"": 0.1}]","[{""object"": ""zone 76030032-4582-4478-b113-e25529c5fe3e"", ""gap_mm"": 0.0755, ""required_mm"": 0.1}]","[""1733a48f-7bf7-42a6-ab6c-9e53b7e274f6"", ""256f3b3a-cc1a-435f-8d06-86ffe984f329""]",Widening is blocked on this path. Reroute or choose one electrically adequate width for the complete run; do not retain isolated wide islands by default.
W005,constrained_run_review,GND,F.Cu,19.475,16.175,0.2,0.25,endpoint,0.544975,[],"[{""object"": ""pad Y1.OUT/IN"", ""gap_mm"": 0.090091, ""required_mm"": 0.1}]",[],"[""8c848de0-1d0f-4b9e-badd-dd60c30c383b"", ""a25ed502-f7c0-4d65-ae1e-7e2351a2ce4f""]",Widening is blocked on this path. Reroute or choose one electrically adequate width for the complete run; do not retain isolated wide islands by default.
W006,constrained_run_review,GND,In2.Cu,6.425,20.5,0.1,0.25,endpoint,14.309493,[],"[{""object"": ""via 18bd0995-5a97-444d-9f99-f1e875330816"", ""gap_mm"": 0.05, ""required_mm"": 0.1}, {""object"": ""track keepout a53b2312-e6d3-4f2e-a685-df5c12e4ef61"", ""gap_mm"": 0.0, ""required_mm"": 0}, {""object"": ""track a87a90c4-4483-4501-b9ca-d5123db4856b"", ""gap_mm"": 0.037132, ""required_mm"": 0.1}, {""object"": ""track b7e0f6bc-c8d0-4e21-99bd-ebc44e495eed"", ""gap_mm"": 0.026608, ""required_mm"": 0.1}, {""object"": ""track 7a491250-119b-4f8a-b8ce-4d03cfeda7d6"", ""gap_mm"": 0.026608, ""required_mm"": 0.1}, {""object"": ""track d1c3a54d-2c24-41bf-86e4-e6b743925d0e"", ""gap_mm"": 0.026608, ""required_mm"": 0.1}, {""object"": ""track ddebf737-a750-48e9-83c0-b288bd971fd3"", ""gap_mm"": 0.026608, ""required_mm"": 0.1}, {""object"": ""track 36c5349e-49b7-4d54-8fc9-4a1dff227fec"", ""gap_mm"": 0.026608, ""required_mm"": 0.1}, {""object"": ""track fca8b75e-05b0-4f44-9e7f-eaa8af0ca6be"", ""gap_mm"": 0.026608, ""required_mm"": 0.1}, {""object"": ""track 1bda408a-6503-47d0-b8d4-599815219d9e"", ""gap_mm"": 0.026608, ""required_mm"": 0.1}, {""object"": ""track 42dcccd5-1455-4e57-b00b-8e400b16773d"", ""gap_mm"": 0.036507, ""required_mm"": 0.1}, {""object"": ""track bb3faa1d-0b33-4b46-909c-16cbdf23a4f9"", ""gap_mm"": 0.036507, ""required_mm"": 0.1}, {""object"": ""via ba5e78cc-ce14-4cc4-a5ad-8b4ef0b113a0"", ""gap_mm"": 0.05, ""required_mm"": 0.1}, {""object"": ""track 6e74a70b-e087-47d5-adb2-e7b18bdf97b7"", ""gap_mm"": 0.05, ""required_mm"": 0.1}, {""object"": ""track 2497a1ad-27c8-47f0-8abc-c4b9cfa3be49"", ""gap_mm"": 0.05, ""required_mm"": 0.1}, {""object"": ""track 5eb3f8e3-8bbb-4faf-8368-330c6d9d8712"", ""gap_mm"": 0.031155, ""required_mm"": 0.1}, {""object"": ""track 83dec2ff-7a5a-4f30-879e-d273df5f9320"", ""gap_mm"": 0.031155, ""required_mm"": 0.1}, {""object"": ""track 856fe363-71a3-49a3-be0b-f8dc1d0c5a73"", ""gap_mm"": 0.025, ""required_mm"": 0.1}, {""object"": ""track 10b58ddd-2e1e-48f7-babb-b094242be24d"", ""gap_mm"": 0.025, ""required_mm"": 0.1}, {""object"": ""track 2bc556c8-6798-4561-a438-94e5a1c014a1"", ""gap_mm"": 0.025, ""required_mm"": 0.1}, {""object"": ""track a5b47ff9-a709-4a6e-808e-2cbcd530fe4e"", ""gap_mm"": 0.025, ""required_mm"": 0.1}, {""object"": ""track 72c02cdc-779c-4be1-a59d-2ea473cdbc0f"", ""gap_mm"": 0.025, ""required_mm"": 0.1}, {""object"": ""track 8fc37bf1-75f2-4a43-bcd7-71ecd34c9bca"", ""gap_mm"": 0.025, ""required_mm"": 0.1}, {""object"": ""track af434614-8dc3-43b2-aab7-a1c75a23d679"", ""gap_mm"": 0.031155, ""required_mm"": 0.1}, {""object"": ""track 489288ce-eb11-4328-b77b-6a62c91a4f56"", ""gap_mm"": 0.031155, ""required_mm"": 0.1}, {""object"": ""track 5dbdd725-b0fb-4fde-adcd-cdb51db9972b"", ""gap_mm"": 0.026608, ""required_mm"": 0.1}, {""object"": ""track 2fee8e7e-42e8-485a-88fa-0ec066391138"", ""gap_mm"": 0.026608, ""required_mm"": 0.1}, {""object"": ""track 0d90317b-5d83-4a06-aaed-aa8182a1656f"", ""gap_mm"": 0.026608, ""required_mm"": 0.1}, {""object"": ""track 9fd39d53-8ed4-4d87-a493-6fa13aca5803"", ""gap_mm"": 0.026608, ""required_mm"": 0.1}, {""object"": ""track 909062e2-8244-4349-9984-6c05225dfbb6"", ""gap_mm"": 0.026608, ""required_mm"": 0.1}]","[{""object"": ""zone 9e88bf31-3646-4a39-b7f6-be11ec8f209f"", ""gap_mm"": 0.0255, ""required_mm"": 0.1}]","[""28835c0b-ff44-4333-812a-0f735a3bf2e2"", ""6a7573e1-8358-4054-85fc-779d24ad42bf""]",Widening is blocked on this path. Reroute or choose one electrically adequate width for the complete run; do not retain isolated wide islands by default.
W007,terminal_escape_review,+1.2V,F.Cu,13.7,40.25,0.1,0.25,endpoint,1.098243,"[""pad U2.5""]","[{""object"": ""pad U2.6"", ""gap_mm"": 0.062149, ""required_mm"": 0.1}, {""object"": ""via 5f708ed0-0066-4230-a2aa-650d1afc7c01"", ""gap_mm"": 0.025, ""required_mm"": 0.1}, {""object"": ""via 736c27fa-6fe8-4048-86bc-26dcda1d0aa0"", ""gap_mm"": 0.025, ""required_mm"": 0.1}]","[{""object"": ""zone 76030032-4582-4478-b113-e25529c5fe3e"", ""gap_mm"": 0.0255, ""required_mm"": 0.1}]","[""05ab9db0-bbc0-4cac-a2cc-8b5a7b12892f"", ""19426f11-6879-408b-bfc9-4b209ef87ed7""]",Check pad/via escape: keep only the length that needs neck-down; review the listed blockers.
W008,terminal_escape_review,+3.3V,B.Cu,17.2,18.6,0.3,0.4,endpoint,0.141421,"[""via ec5fbe61-2778-4831-b839-bcebe3b105c7""]","[{""object"": ""via e5ddc26c-e590-4630-a477-6ba12ef36689"", ""gap_mm"": 0.063851, ""required_mm"": 0.1}, {""object"": ""track af273911-293d-46af-932d-4921fc5bfca5"", ""gap_mm"": 0.05, ""required_mm"": 0.1}]",[],"[""3b179bd4-994c-4128-a721-b65bd27220dd"", ""b1876b3c-45c2-4a03-84e7-a15abe143725""]",Check pad/via escape: keep only the length that needs neck-down; review the listed blockers.
W009,terminal_escape_review,+3.3V,F.Cu,17.35,11.375,0.25,0.4,endpoint,0.671751,"[""pad L1.1""]","[{""object"": ""pad C6.1"", ""gap_mm"": 0.03545, ""required_mm"": 0.1}]",[],"[""99d354d9-9fa5-41ef-ad8a-8a2bfca6ad27"", ""c9cf75ae-708a-479c-96e6-e32bd06e13e1""]",Check pad/via escape: keep only the length that needs neck-down; review the listed blockers.
W010,terminal_escape_review,+3.3V,F.Cu,18.025,11.85,0.15,0.25,endpoint,8.429594,"[""via abd22782-a6f5-4f99-8ad7-0afabd945df5""]","[{""object"": ""pad C32.2"", ""gap_mm"": 0.0796, ""required_mm"": 0.1}, {""object"": ""pad C32.1"", ""gap_mm"": 0.0796, ""required_mm"": 0.1}, {""object"": ""pad L1.2"", ""gap_mm"": 0.05, ""required_mm"": 0.1}, {""object"": ""pad C6.1"", ""gap_mm"": 0.0546, ""required_mm"": 0.1}, {""object"": ""track d5c323b5-baa1-4d8b-b50e-89b6d36698ba"", ""gap_mm"": 0.075, ""required_mm"": 0.1}, {""object"": ""via d81329fa-92a2-4473-a6d5-78d427db4f3d"", ""gap_mm"": 0.05, ""required_mm"": 0.1}]","[{""object"": ""zone 76030032-4582-4478-b113-e25529c5fe3e"", ""gap_mm"": 0.050498, ""required_mm"": 0.1}]","[""5f627183-a6db-4b9c-9cdb-c5dd1ab91efd"", ""dfdcfb27-b5bd-44b0-83b2-19473435e667""]",Check pad/via escape: keep only the length that needs neck-down; review the listed blockers.
W011,terminal_escape_review,+3.3V,F.Cu,12.7,11.925,0.2,0.3,endpoint,1.1125,"[""pad U1.1""]","[{""object"": ""via 218d243f-bfd6-45a3-ae83-5646a368d189"", ""gap_mm"": 0.095, ""required_mm"": 0.1}]","[{""object"": ""zone 76030032-4582-4478-b113-e25529c5fe3e"", ""gap_mm"": 0.091128, ""required_mm"": 0.1}]","[""21c3c957-cf90-4575-85a1-82972fd7c0bc"", ""cdde7750-576b-42e0-be42-d92723c68cf7""]",Check pad/via escape: keep only the length that needs neck-down; review the listed blockers.
W012,terminal_escape_review,+3.3V,F.Cu,13.8125,11.925,0.15,0.2,endpoint,2.161549,"[""pad C37.1""]","[{""object"": ""pad C37.2"", ""gap_mm"": 0.089628, ""required_mm"": 0.1}]","[{""object"": ""zone 76030032-4582-4478-b113-e25529c5fe3e"", ""gap_mm"": 0.0755, ""required_mm"": 0.1}]","[""cdde7750-576b-42e0-be42-d92723c68cf7"", ""d79ff3c6-ab71-4244-a054-da7a54e96a4d""]",Check pad/via escape: keep only the length that needs neck-down; review the listed blockers.
W013,terminal_escape_review,+3.3V,F.Cu,15.675,24.775,0.3,0.4,endpoint,0.035355,"[""pad U3.6""]","[{""object"": ""pad U3.5"", ""gap_mm"": 0.075104, ""required_mm"": 0.1}]","[{""object"": ""zone 76030032-4582-4478-b113-e25529c5fe3e"", ""gap_mm"": 0.065145, ""required_mm"": 0.1}]","[""21895ce1-2009-4c4e-82d5-ead25a05dbb4"", ""fbcbc6ff-a856-411d-bb3e-18851b0dfb59""]",Check pad/via escape: keep only the length that needs neck-down; review the listed blockers.
W014,terminal_escape_review,+3.3V,F.Cu,15.75,24.95,0.3,0.4,endpoint,0.141421,"[""pad U3.6""]","[{""object"": ""track a8e4a2d1-7a14-42b3-aab1-644181c94a78"", ""gap_mm"": 0.087311, ""required_mm"": 0.1}, {""object"": ""pad U3.5"", ""gap_mm"": 0.075, ""required_mm"": 0.1}]","[{""object"": ""zone 76030032-4582-4478-b113-e25529c5fe3e"", ""gap_mm"": 0.0755, ""required_mm"": 0.1}]","[""830dac8a-1cbd-4119-875b-aa3b249119ca"", ""f2ba0ebc-b89f-4fa3-ae6d-051e850ec4fe""]",Check pad/via escape: keep only the length that needs neck-down; review the listed blockers.
W015,terminal_escape_review,+3.3V,F.Cu,8.225,36.325,0.1,0.4,endpoint,1.223528,"[""pad U2.22""]","[{""object"": ""pad U2.23"", ""gap_mm"": 0.0, ""required_mm"": 0.1}, {""object"": ""track 6cf4e8b5-4f66-46f2-ab77-b527f596a957"", ""gap_mm"": 0.0, ""required_mm"": 0.1}, {""object"": ""track 00a58d13-5480-4411-8f9d-fe6cb53df2b3"", ""gap_mm"": 0.0, ""required_mm"": 0.1}, {""object"": ""track 47299f60-cd60-48c8-b250-37138a606504"", ""gap_mm"": 0.025, ""required_mm"": 0.1}]",[],"[""41030a01-68e5-436c-9bf4-823283f24c89"", ""49a96588-e8ee-41e5-829b-05e823518f82""]",Check pad/via escape: keep only the length that needs neck-down; review the listed blockers.
W016,terminal_escape_review,+3.3V,F.Cu,14.15,43.75,0.15,0.4,endpoint,0.318198,"[""pad D1.P$1"", ""via 57d7557e-9e4a-4c03-a855-4da3cda5c4d8""]","[{""object"": ""pad D1.P$4"", ""gap_mm"": 0.0, ""required_mm"": 0.1}, {""object"": ""pad D1.P$3"", ""gap_mm"": 0.03038, ""required_mm"": 0.1}]",[],"[""492e69cf-01c1-480c-a9de-903b97d7f160"", ""710f5547-603a-47dd-adad-0a1a31b92567""]",Check pad/via escape: keep only the length that needs neck-down; review the listed blockers.
W017,terminal_escape_review,ESP_VDD3P3,F.Cu,11.65,10.65,0.1,0.25,endpoint,1.15,"[""pad C35.1""]","[{""object"": ""pad L3.1"", ""gap_mm"": 0.06045, ""required_mm"": 0.1}]","[{""object"": ""zone 76030032-4582-4478-b113-e25529c5fe3e"", ""gap_mm"": 0.0255, ""required_mm"": 0.1}]","[""2b9e829c-ba18-4618-ba0b-115e21e84012"", ""7d46c5ae-fe9e-4c05-a0d9-1092f72f3e50""]",Check pad/via escape: keep only the length that needs neck-down; review the listed blockers.
W018,terminal_escape_review,FPGA_VCCIO0,F.Cu,6.5202,40.75,0.1,0.2,endpoint,3.113697,"[""pad U2.33""]","[{""object"": ""track d1dc0a1e-b56e-45d5-9233-0c47b4bce818"", ""gap_mm"": 0.075, ""required_mm"": 0.1}, {""object"": ""via 3b18a63f-68e8-4fc7-af82-358083e0bcf0"", ""gap_mm"": 0.055, ""required_mm"": 0.1}, {""object"": ""pad C46.2"", ""gap_mm"": 0.08545, ""required_mm"": 0.1}]","[{""object"": ""zone 76030032-4582-4478-b113-e25529c5fe3e"", ""gap_mm"": 0.0505, ""required_mm"": 0.1}]","[""478beb42-7aa8-47af-936a-acdc2dd0bab1"", ""4d70c820-c2bf-4c9e-9814-675329155028""]",Check pad/via escape: keep only the length that needs neck-down; review the listed blockers.
W019,terminal_escape_review,GND,F.Cu,17.225,15.725,0.15,0.25,endpoint,0.671751,"[""pad Y1.GND-B""]","[{""object"": ""track 593dcb02-9008-4763-8d34-e989d22f4f8e"", ""gap_mm"": 0.075, ""required_mm"": 0.1}]",[],"[""0894003a-6897-4a78-934d-cec2be879c9a"", ""98b34a5a-662e-44df-be00-9853f149c122""]",Check pad/via escape: keep only the length that needs neck-down; review the listed blockers.
W020,terminal_escape_review,GND,F.Cu,16.65,22.9,0.15,0.25,endpoint,0.035355,"[""pad U3.1""]","[{""object"": ""track f3b4c344-aba7-4f78-bb5a-d8f7c18674c0"", ""gap_mm"": 0.070381, ""required_mm"": 0.1}]",[],"[""32990613-fb35-4ec0-ab27-38a3e34e4cf0"", ""f803cf5a-7e9f-4232-af82-0d925307aaf5""]",Check pad/via escape: keep only the length that needs neck-down; review the listed blockers.
W021,terminal_escape_review,VIN_5V,B.Cu,13.0,15.175,0.3,0.4,endpoint,0.4,"[""pad J1.3""]","[{""object"": ""track b262dd2b-d54a-4a15-85c5-399fbe2cf63e"", ""gap_mm"": 0.075, ""required_mm"": 0.1}]","[{""object"": ""zone aa06dacb-2313-477a-a0df-796d60632bd7"", ""gap_mm"": 0.0505, ""required_mm"": 0.1}]","[""226259e1-0627-4110-a7eb-ef2edef884d3"", ""563eb6b8-804b-40e3-a1d7-198f066af081""]",Check pad/via escape: keep only the length that needs neck-down; review the listed blockers.
W022,branch_review,+1.2V,F.Cu,0.8,33.949999,0.1,0.25,interior_join,2.782106,[],"[{""object"": ""track 147f4fff-f8f0-4bac-9985-c9f7d01299b7"", ""gap_mm"": 0.025, ""required_mm"": 0.1}, {""object"": ""via ce248f0b-45d0-4cfc-aa4a-10b63fe1acc5"", ""gap_mm"": 0.025, ""required_mm"": 0.1}, {""object"": ""track e4c42d14-9055-4d38-9433-6efd45867658"", ""gap_mm"": 0.025, ""required_mm"": 0.1}, {""object"": ""pad TP1.1"", ""gap_mm"": 0.027589, ""required_mm"": 0.1}]","[{""object"": ""zone 76030032-4582-4478-b113-e25529c5fe3e"", ""gap_mm"": 0.0255, ""required_mm"": 0.1}]","[""a00ccec3-2fc0-4486-bcce-6033cb5f201e"", ""e4c0778b-3d70-40d4-8b04-40d21c217265""]",Review branch currents and topology; different branch widths can be intentional.
W023,branch_review,+1.2V,F.Cu,6.5202,39.25,0.2,0.25,interior_join,1.725549,"[""pad U2.30""]","[{""object"": ""track 6d849674-33a6-492e-a030-5e8164ddcb87"", ""gap_mm"": 0.09766, ""required_mm"": 0.1}, {""object"": ""track 7d7e8e82-3d5f-4f64-aa7f-f95e196949b7"", ""gap_mm"": 0.09766, ""required_mm"": 0.1}, {""object"": ""via 32c02b57-e877-482c-aa81-f00c39727b34"", ""gap_mm"": 0.089443, ""required_mm"": 0.1}, {""object"": ""track bf7feab6-5822-451f-a36e-30bcf9051ef4"", ""gap_mm"": 0.09766, ""required_mm"": 0.1}]",[],"[""0cda2b96-0ea1-426b-8b93-3c0231d8c1fd"", ""9f816685-fefb-4042-9bf3-86525428d754""]",Review branch currents and topology; different branch widths can be intentional.
W024,branch_review,+1.2V,F.Cu,6.8,39.25,0.1,0.25,endpoint,7.232412,"[""pad U2.30""]","[{""object"": ""track 729e23b8-afd5-410c-8521-c8af22931740"", ""gap_mm"": 0.026608, ""required_mm"": 0.1}, {""object"": ""pad U2.29"", ""gap_mm"": 0.07231, ""required_mm"": 0.1}, {""object"": ""pad U2.PAD"", ""gap_mm"": 0.035, ""required_mm"": 0.1}, {""object"": ""track 49a96588-e8ee-41e5-829b-05e823518f82"", ""gap_mm"": 0.026608, ""required_mm"": 0.1}]","[{""object"": ""zone 76030032-4582-4478-b113-e25529c5fe3e"", ""gap_mm"": 0.025499, ""required_mm"": 0.1}]","[""0cda2b96-0ea1-426b-8b93-3c0231d8c1fd"", ""4cc56bae-9f65-4aef-a8ca-ff8e74e23188""]",Review branch currents and topology; different branch widths can be intentional.
W025,branch_review,+1.2V,F.Cu,6.8,39.25,0.1,0.25,endpoint,7.232412,"[""pad U2.30""]","[{""object"": ""track 729e23b8-afd5-410c-8521-c8af22931740"", ""gap_mm"": 0.026608, ""required_mm"": 0.1}, {""object"": ""pad U2.29"", ""gap_mm"": 0.07231, ""required_mm"": 0.1}, {""object"": ""pad U2.PAD"", ""gap_mm"": 0.035, ""required_mm"": 0.1}, {""object"": ""track 49a96588-e8ee-41e5-829b-05e823518f82"", ""gap_mm"": 0.026608, ""required_mm"": 0.1}]","[{""object"": ""zone 76030032-4582-4478-b113-e25529c5fe3e"", ""gap_mm"": 0.025499, ""required_mm"": 0.1}]","[""4cc56bae-9f65-4aef-a8ca-ff8e74e23188"", ""50f5b57c-ed3c-4f60-8130-82b934ae22d5""]",Review branch currents and topology; different branch widths can be intentional.
W026,branch_review,+3.3V,F.Cu,17.9,11.775,0.25,0.4,endpoint,0.106066,"[""via abd22782-a6f5-4f99-8ad7-0afabd945df5""]","[{""object"": ""pad C6.1"", ""gap_mm"": 0.03545, ""required_mm"": 0.1}]",[],"[""50475509-9c76-4027-b991-b6be077c2b8f"", ""583e3fda-aac3-4326-9b0c-dff5b83dbe15""]",Review branch currents and topology; different branch widths can be intentional.
W027,branch_review,+3.3V,F.Cu,17.9,11.775,0.25,0.4,endpoint,0.106066,"[""via abd22782-a6f5-4f99-8ad7-0afabd945df5""]","[{""object"": ""pad C6.1"", ""gap_mm"": 0.03545, ""required_mm"": 0.1}]",[],"[""50475509-9c76-4027-b991-b6be077c2b8f"", ""b66e5382-ca95-4347-8215-c204ac2068f4""]",Review branch currents and topology; different branch widths can be intentional.
W028,branch_review,+3.3V,F.Cu,13.6904,11.925,0.2,0.3,interior_join,1.1125,"[""pad C37.1""]","[{""object"": ""via 218d243f-bfd6-45a3-ae83-5646a368d189"", ""gap_mm"": 0.095, ""required_mm"": 0.1}]","[{""object"": ""zone 76030032-4582-4478-b113-e25529c5fe3e"", ""gap_mm"": 0.091128, ""required_mm"": 0.1}]","[""8a8bd08b-bc03-4c00-bf93-66940244275c"", ""cdde7750-576b-42e0-be42-d92723c68cf7""]",Review branch currents and topology; different branch widths can be intentional.
W029,branch_review,+3.3V,F.Cu,13.9,13.7,0.15,0.2,interior_join,2.395208,"[""pad U1.54""]","[{""object"": ""pad U1.50"", ""gap_mm"": 0.078061, ""required_mm"": 0.1}, {""object"": ""pad U1.53"", ""gap_mm"": 0.0834, ""required_mm"": 0.1}, {""object"": ""pad U1.52"", ""gap_mm"": 0.0834, ""required_mm"": 0.1}]","[{""object"": ""zone 76030032-4582-4478-b113-e25529c5fe3e"", ""gap_mm"": 0.0755, ""required_mm"": 0.1}]","[""b1781588-a94d-4d28-a17c-4ea2d2577e8d"", ""bed3ed1b-917e-4ccc-9360-e9995d52ed69""]",Review branch currents and topology; different branch widths can be intentional.
W030,branch_review,+3.3V,F.Cu,12.2,17.3,0.1,0.15,interior_join,1.325,[],"[{""object"": ""pad U1.57"", ""gap_mm"": 0.0807, ""required_mm"": 0.1}]","[{""object"": ""zone 76030032-4582-4478-b113-e25529c5fe3e"", ""gap_mm"": 0.0755, ""required_mm"": 0.1}]","[""1adad6c3-aba9-4009-a9e5-5ff19c8395a2"", ""a3e468cc-30e9-400d-ba2a-4f86d50a16af""]",Review branch currents and topology; different branch widths can be intentional.
W031,branch_review,+3.3V,F.Cu,7.3,17.725,0.15,0.3,endpoint,0.989949,[],"[{""object"": ""pad U1.31"", ""gap_mm"": 0.028065, ""required_mm"": 0.1}]","[{""object"": ""zone 76030032-4582-4478-b113-e25529c5fe3e"", ""gap_mm"": 0.0255, ""required_mm"": 0.1}]","[""17cf48cc-1d86-4a27-92d2-2652f048bc78"", ""c99995bd-3096-4bfa-a1de-755e638ccf12""]",Review branch currents and topology; different branch widths can be intentional.
W032,branch_review,+3.3V,F.Cu,7.3,17.725,0.15,0.3,endpoint,0.989949,[],"[{""object"": ""pad U1.31"", ""gap_mm"": 0.028065, ""required_mm"": 0.1}]","[{""object"": ""zone 76030032-4582-4478-b113-e25529c5fe3e"", ""gap_mm"": 0.0255, ""required_mm"": 0.1}]","[""17cf48cc-1d86-4a27-92d2-2652f048bc78"", ""fb42a986-2fe9-4f71-8cf1-d7b61486b58b""]",Review branch currents and topology; different branch widths can be intentional.
W033,branch_review,+3.3V,F.Cu,17.2,18.6,0.3,0.4,endpoint,0.141421,"[""via ec5fbe61-2778-4831-b839-bcebe3b105c7""]","[{""object"": ""via e5ddc26c-e590-4630-a477-6ba12ef36689"", ""gap_mm"": 0.063851, ""required_mm"": 0.1}]","[{""object"": ""zone 76030032-4582-4478-b113-e25529c5fe3e"", ""gap_mm"": 0.0505, ""required_mm"": 0.1}]","[""2369d6e5-c004-4837-9db6-00008f5c65e1"", ""62a08f72-8e26-4ab6-b9d5-242dcc525fc9""]",Review branch currents and topology; different branch widths can be intentional.
W034,branch_review,+3.3V,F.Cu,17.2,18.6,0.3,0.4,endpoint,0.141421,"[""via ec5fbe61-2778-4831-b839-bcebe3b105c7""]","[{""object"": ""via e5ddc26c-e590-4630-a477-6ba12ef36689"", ""gap_mm"": 0.063851, ""required_mm"": 0.1}]","[{""object"": ""zone 76030032-4582-4478-b113-e25529c5fe3e"", ""gap_mm"": 0.0505, ""required_mm"": 0.1}]","[""2369d6e5-c004-4837-9db6-00008f5c65e1"", ""8627418d-e901-40b7-b1da-1891b864986f""]",Review branch currents and topology; different branch widths can be intentional.
W035,branch_review,+3.3V,F.Cu,17.2,18.6,0.3,0.4,endpoint,0.141421,"[""via ec5fbe61-2778-4831-b839-bcebe3b105c7""]","[{""object"": ""via e5ddc26c-e590-4630-a477-6ba12ef36689"", ""gap_mm"": 0.063851, ""required_mm"": 0.1}]","[{""object"": ""zone 76030032-4582-4478-b113-e25529c5fe3e"", ""gap_mm"": 0.0505, ""required_mm"": 0.1}]","[""2369d6e5-c004-4837-9db6-00008f5c65e1"", ""aaa43691-c4db-4a6a-9fce-c3473aa695af""]",Review branch currents and topology; different branch widths can be intentional.
W036,branch_review,+3.3V,F.Cu,17.2,18.6,0.3,0.4,endpoint,0.141421,"[""via ec5fbe61-2778-4831-b839-bcebe3b105c7""]","[{""object"": ""via e5ddc26c-e590-4630-a477-6ba12ef36689"", ""gap_mm"": 0.063851, ""required_mm"": 0.1}]","[{""object"": ""zone 76030032-4582-4478-b113-e25529c5fe3e"", ""gap_mm"": 0.0505, ""required_mm"": 0.1}]","[""62a08f72-8e26-4ab6-b9d5-242dcc525fc9"", ""9fceb7ec-08a1-43e1-9e6f-37e5b026c783""]",Review branch currents and topology; different branch widths can be intentional.
W037,branch_review,+3.3V,F.Cu,17.2,18.6,0.3,0.4,endpoint,0.141421,"[""via ec5fbe61-2778-4831-b839-bcebe3b105c7""]","[{""object"": ""via e5ddc26c-e590-4630-a477-6ba12ef36689"", ""gap_mm"": 0.063851, ""required_mm"": 0.1}]","[{""object"": ""zone 76030032-4582-4478-b113-e25529c5fe3e"", ""gap_mm"": 0.0505, ""required_mm"": 0.1}]","[""62a08f72-8e26-4ab6-b9d5-242dcc525fc9"", ""cea6a8b5-18fd-482f-ab20-32e302871baf""]",Review branch currents and topology; different branch widths can be intentional.
W038,branch_review,+3.3V,F.Cu,17.2,18.6,0.3,0.4,endpoint,0.141421,"[""via ec5fbe61-2778-4831-b839-bcebe3b105c7""]","[{""object"": ""via e5ddc26c-e590-4630-a477-6ba12ef36689"", ""gap_mm"": 0.063851, ""required_mm"": 0.1}]","[{""object"": ""zone 76030032-4582-4478-b113-e25529c5fe3e"", ""gap_mm"": 0.0505, ""required_mm"": 0.1}]","[""8627418d-e901-40b7-b1da-1891b864986f"", ""9fceb7ec-08a1-43e1-9e6f-37e5b026c783""]",Review branch currents and topology; different branch widths can be intentional.
W039,branch_review,+3.3V,F.Cu,17.2,18.6,0.3,0.4,endpoint,0.141421,"[""via ec5fbe61-2778-4831-b839-bcebe3b105c7""]","[{""object"": ""via e5ddc26c-e590-4630-a477-6ba12ef36689"", ""gap_mm"": 0.063851, ""required_mm"": 0.1}]","[{""object"": ""zone 76030032-4582-4478-b113-e25529c5fe3e"", ""gap_mm"": 0.0505, ""required_mm"": 0.1}]","[""8627418d-e901-40b7-b1da-1891b864986f"", ""cea6a8b5-18fd-482f-ab20-32e302871baf""]",Review branch currents and topology; different branch widths can be intentional.
W040,branch_review,+3.3V,F.Cu,17.2,18.6,0.3,0.4,endpoint,0.141421,"[""via ec5fbe61-2778-4831-b839-bcebe3b105c7""]","[{""object"": ""via e5ddc26c-e590-4630-a477-6ba12ef36689"", ""gap_mm"": 0.063851, ""required_mm"": 0.1}]","[{""object"": ""zone 76030032-4582-4478-b113-e25529c5fe3e"", ""gap_mm"": 0.0505, ""required_mm"": 0.1}]","[""9fceb7ec-08a1-43e1-9e6f-37e5b026c783"", ""aaa43691-c4db-4a6a-9fce-c3473aa695af""]",Review branch currents and topology; different branch widths can be intentional.
W041,branch_review,+3.3V,F.Cu,17.2,18.6,0.3,0.4,endpoint,0.141421,"[""via ec5fbe61-2778-4831-b839-bcebe3b105c7""]","[{""object"": ""via e5ddc26c-e590-4630-a477-6ba12ef36689"", ""gap_mm"": 0.063851, ""required_mm"": 0.1}]","[{""object"": ""zone 76030032-4582-4478-b113-e25529c5fe3e"", ""gap_mm"": 0.0505, ""required_mm"": 0.1}]","[""aaa43691-c4db-4a6a-9fce-c3473aa695af"", ""cea6a8b5-18fd-482f-ab20-32e302871baf""]",Review branch currents and topology; different branch widths can be intentional.
W042,branch_review,+3.3V,F.Cu,7.8,19.4,0.15,0.2,interior_join,1.175,"[""pad U1.30""]","[{""object"": ""pad U1.31"", ""gap_mm"": 0.078061, ""required_mm"": 0.1}]",[],"[""a4f4c7d3-565a-4023-8fd8-ba144b8bb516"", ""b43654a9-0c3b-4bfb-a2bb-a5b1f8d3f845""]",Review branch currents and topology; different branch widths can be intentional.
W043,branch_review,+3.3V,F.Cu,15.675,24.85,0.3,0.4,interior_join,0.070711,"[""pad U3.6""]","[{""object"": ""track a8e4a2d1-7a14-42b3-aab1-644181c94a78"", ""gap_mm"": 0.094119, ""required_mm"": 0.1}, {""object"": ""pad U3.5"", ""gap_mm"": 0.075, ""required_mm"": 0.1}]","[{""object"": ""zone 76030032-4582-4478-b113-e25529c5fe3e"", ""gap_mm"": 0.0755, ""required_mm"": 0.1}]","[""0358ecbd-b91b-4207-8cee-1d18262dea0b"", ""fbcbc6ff-a856-411d-bb3e-18851b0dfb59""]",Review branch currents and topology; different branch widths can be intentional.
W044,branch_review,+3.3V,F.Cu,15.7,24.875,0.3,0.4,endpoint,0.070711,"[""pad U3.6""]","[{""object"": ""track a8e4a2d1-7a14-42b3-aab1-644181c94a78"", ""gap_mm"": 0.094119, ""required_mm"": 0.1}, {""object"": ""pad U3.5"", ""gap_mm"": 0.075, ""required_mm"": 0.1}]","[{""object"": ""zone 76030032-4582-4478-b113-e25529c5fe3e"", ""gap_mm"": 0.0755, ""required_mm"": 0.1}]","[""0358ecbd-b91b-4207-8cee-1d18262dea0b"", ""c4ecb65e-2675-444f-a251-519c177fb4d7""]",Review branch currents and topology; different branch widths can be intentional.
W045,branch_review,+3.3V,F.Cu,15.7,24.875,0.3,0.4,endpoint,0.070711,"[""pad U3.6""]","[{""object"": ""track a8e4a2d1-7a14-42b3-aab1-644181c94a78"", ""gap_mm"": 0.094119, ""required_mm"": 0.1}, {""object"": ""pad U3.5"", ""gap_mm"": 0.075, ""required_mm"": 0.1}]","[{""object"": ""zone 76030032-4582-4478-b113-e25529c5fe3e"", ""gap_mm"": 0.0755, ""required_mm"": 0.1}]","[""0358ecbd-b91b-4207-8cee-1d18262dea0b"", ""dbf2ae00-ad1d-4299-a8d6-47c03ff1044c""]",Review branch currents and topology; different branch widths can be intentional.
W046,branch_review,+3.3V,F.Cu,15.7,24.9,0.3,0.4,endpoint,0.070711,"[""pad U3.6""]","[{""object"": ""track a8e4a2d1-7a14-42b3-aab1-644181c94a78"", ""gap_mm"": 0.087311, ""required_mm"": 0.1}, {""object"": ""pad U3.5"", ""gap_mm"": 0.075, ""required_mm"": 0.1}]","[{""object"": ""zone 76030032-4582-4478-b113-e25529c5fe3e"", ""gap_mm"": 0.0755, ""required_mm"": 0.1}]","[""0bf0f774-4caa-4a64-bfc3-3e81eb402d14"", ""830dac8a-1cbd-4119-875b-aa3b249119ca""]",Review branch currents and topology; different branch widths can be intentional.
W047,branch_review,+3.3V,F.Cu,15.7,24.9,0.3,0.4,endpoint,0.070711,"[""pad U3.6""]","[{""object"": ""track a8e4a2d1-7a14-42b3-aab1-644181c94a78"", ""gap_mm"": 0.087311, ""required_mm"": 0.1}, {""object"": ""pad U3.5"", ""gap_mm"": 0.075, ""required_mm"": 0.1}]","[{""object"": ""zone 76030032-4582-4478-b113-e25529c5fe3e"", ""gap_mm"": 0.0755, ""required_mm"": 0.1}]","[""0bf0f774-4caa-4a64-bfc3-3e81eb402d14"", ""dbf2ae00-ad1d-4299-a8d6-47c03ff1044c""]",Review branch currents and topology; different branch widths can be intentional.
W048,branch_review,+3.3V,F.Cu,15.7,24.9,0.3,0.4,interior_join,0.141421,"[""pad U3.6""]","[{""object"": ""track a8e4a2d1-7a14-42b3-aab1-644181c94a78"", ""gap_mm"": 0.087311, ""required_mm"": 0.1}, {""object"": ""pad U3.5"", ""gap_mm"": 0.075, ""required_mm"": 0.1}]","[{""object"": ""zone 76030032-4582-4478-b113-e25529c5fe3e"", ""gap_mm"": 0.0755, ""required_mm"": 0.1}]","[""dbf2ae00-ad1d-4299-a8d6-47c03ff1044c"", ""f2ba0ebc-b89f-4fa3-ae6d-051e850ec4fe""]",Review branch currents and topology; different branch widths can be intentional.
W049,branch_review,+3.3V,F.Cu,7.6798,34.4952,0.1,0.2,interior_join,1.53995,"[""pad C48.1""]","[{""object"": ""pad SJ1.2"", ""gap_mm"": 0.075, ""required_mm"": 0.1}, {""object"": ""pad SJ1.3"", ""gap_mm"": 0.075, ""required_mm"": 0.1}, {""object"": ""via 73571995-cbf2-4ce4-b487-be077b9cc435"", ""gap_mm"": 0.075, ""required_mm"": 0.1}]",[],"[""390ef521-138c-482e-a9f7-8f8e3ec6d593"", ""e63f0d0f-c1a3-4b68-9be0-5ec10494f67a""]",Review branch currents and topology; different branch widths can be intentional.
W050,branch_review,+3.3V,F.Cu,8.25,35.725,0.2,0.4,interior_join,1.612975,"[""pad U2.22""]","[{""object"": ""via c33d5851-0f79-47ae-b924-32b15d4ad8ce"", ""gap_mm"": 0.0, ""required_mm"": 0.1}, {""object"": ""via 545c620b-2297-4f9a-ba87-154d9d092aab"", ""gap_mm"": 0.059839, ""required_mm"": 0.1}]",[],"[""a0d69b42-9a8a-4c3a-a33b-2b389e0273b6"", ""eead542b-573e-4a3c-b490-6cc3f37f126e""]",Review branch currents and topology; different branch widths can be intentional.
W051,branch_review,+3.3V,F.Cu,14.1,42.05,0.1,0.2,interior_join,3.160229,"[""pad U2.1""]","[{""object"": ""via a3159c4a-d259-486d-9a24-dbcd1a0c1255"", ""gap_mm"": 0.071734, ""required_mm"": 0.1}, {""object"": ""track a7d53fc6-860b-4fa2-b9d4-fc7afc42f54c"", ""gap_mm"": 0.05, ""required_mm"": 0.1}, {""object"": ""track 8a68faa2-e40b-481e-88a3-3b98fea640fe"", ""gap_mm"": 0.05, ""required_mm"": 0.1}]","[{""object"": ""zone 76030032-4582-4478-b113-e25529c5fe3e"", ""gap_mm"": 0.050499, ""required_mm"": 0.1}]","[""987b2137-9f15-4460-acb8-23b115eecaf7"", ""ca1f97b2-e964-493e-900f-fca5dd8f328a""]",Review branch currents and topology; different branch widths can be intentional.
W052,branch_review,+3.3V,F.Cu,14.35,42.05,0.1,0.2,interior_join,3.160229,[],"[{""object"": ""via a3159c4a-d259-486d-9a24-dbcd1a0c1255"", ""gap_mm"": 0.071734, ""required_mm"": 0.1}, {""object"": ""track a7d53fc6-860b-4fa2-b9d4-fc7afc42f54c"", ""gap_mm"": 0.05, ""required_mm"": 0.1}, {""object"": ""track 8a68faa2-e40b-481e-88a3-3b98fea640fe"", ""gap_mm"": 0.05, ""required_mm"": 0.1}]","[{""object"": ""zone 76030032-4582-4478-b113-e25529c5fe3e"", ""gap_mm"": 0.050499, ""required_mm"": 0.1}]","[""8c884e80-0d17-4522-b2a6-4567b0ef688f"", ""ca1f97b2-e964-493e-900f-fca5dd8f328a""]",Review branch currents and topology; different branch widths can be intentional.
W053,branch_review,+3.3V,F.Cu,14.725,43.675,0.25,0.4,endpoint,0.636396,"[""pad D1.P$1"", ""via 0c723a67-81a3-4a76-89dc-15abed4cc3fc""]","[{""object"": ""track 8a68faa2-e40b-481e-88a3-3b98fea640fe"", ""gap_mm"": 0.05, ""required_mm"": 0.1}, {""object"": ""via 647536ef-eef0-4c2d-82ac-a8528c439123"", ""gap_mm"": 0.038909, ""required_mm"": 0.1}, {""object"": ""track b41acb09-e01c-49e6-8d4a-6fdf48b26528"", ""gap_mm"": 0.05052, ""required_mm"": 0.1}]","[{""object"": ""zone 76030032-4582-4478-b113-e25529c5fe3e"", ""gap_mm"": 0.050604, ""required_mm"": 0.1}]","[""0930d80e-73f2-4ead-81e9-18db86a6eeff"", ""b71a5795-8966-4bcc-8724-7215ec90b5a6""]",Review branch currents and topology; different branch widths can be intentional.
W054,branch_review,+3.3V,F.Cu,14.725,43.675,0.25,0.4,endpoint,0.636396,"[""pad D1.P$1"", ""via 0c723a67-81a3-4a76-89dc-15abed4cc3fc""]","[{""object"": ""track 8a68faa2-e40b-481e-88a3-3b98fea640fe"", ""gap_mm"": 0.05, ""required_mm"": 0.1}, {""object"": ""via 647536ef-eef0-4c2d-82ac-a8528c439123"", ""gap_mm"": 0.038909, ""required_mm"": 0.1}, {""object"": ""track b41acb09-e01c-49e6-8d4a-6fdf48b26528"", ""gap_mm"": 0.05052, ""required_mm"": 0.1}]","[{""object"": ""zone 76030032-4582-4478-b113-e25529c5fe3e"", ""gap_mm"": 0.050604, ""required_mm"": 0.1}]","[""0930d80e-73f2-4ead-81e9-18db86a6eeff"", ""beb0a547-3e5d-496d-88d8-a33bb560269f""]",Review branch currents and topology; different branch widths can be intentional.
W055,branch_review,ESP_VDD3P3,F.Cu,11.65,9.5,0.1,0.2,interior_join,1.15,[],"[{""object"": ""pad L3.1"", ""gap_mm"": 0.08545, ""required_mm"": 0.1}]","[{""object"": ""zone 76030032-4582-4478-b113-e25529c5fe3e"", ""gap_mm"": 0.0505, ""required_mm"": 0.1}]","[""2b9e829c-ba18-4618-ba0b-115e21e84012"", ""60d92169-7814-4fc0-a0ab-07b7ca83dc7c""]",Review branch currents and topology; different branch widths can be intentional.
W056,branch_review,FPGA_VCCIO0,F.Cu,6.425,40.75,0.1,0.2,interior_join,3.113697,"[""pad U2.33""]","[{""object"": ""track d1dc0a1e-b56e-45d5-9233-0c47b4bce818"", ""gap_mm"": 0.075, ""required_mm"": 0.1}, {""object"": ""via 3b18a63f-68e8-4fc7-af82-358083e0bcf0"", ""gap_mm"": 0.055, ""required_mm"": 0.1}, {""object"": ""pad C46.2"", ""gap_mm"": 0.08545, ""required_mm"": 0.1}]","[{""object"": ""zone 76030032-4582-4478-b113-e25529c5fe3e"", ""gap_mm"": 0.0505, ""required_mm"": 0.1}]","[""4d70c820-c2bf-4c9e-9814-675329155028"", ""cf5750ad-6045-4888-863a-983258caba32""]",Review branch currents and topology; different branch widths can be intentional.
W057,branch_review,FPGA_VCCIO0,F.Cu,5.425,40.8,0.1,0.2,interior_join,3.113697,[],"[{""object"": ""track d1dc0a1e-b56e-45d5-9233-0c47b4bce818"", ""gap_mm"": 0.075, ""required_mm"": 0.1}, {""object"": ""via 3b18a63f-68e8-4fc7-af82-358083e0bcf0"", ""gap_mm"": 0.055, ""required_mm"": 0.1}, {""object"": ""pad C46.2"", ""gap_mm"": 0.08545, ""required_mm"": 0.1}]","[{""object"": ""zone 76030032-4582-4478-b113-e25529c5fe3e"", ""gap_mm"": 0.0505, ""required_mm"": 0.1}]","[""5eaf5e92-0f1b-4fd5-be96-4007bf2ce4fd"", ""ce49a44b-41ba-47b7-8747-bba1065628f8""]",Review branch currents and topology; different branch widths can be intentional.
W058,branch_review,FPGA_VCCIO0,F.Cu,5.9702,40.85,0.1,0.2,interior_join,3.113697,"[""pad U2.33""]","[{""object"": ""track d1dc0a1e-b56e-45d5-9233-0c47b4bce818"", ""gap_mm"": 0.075, ""required_mm"": 0.1}, {""object"": ""via 3b18a63f-68e8-4fc7-af82-358083e0bcf0"", ""gap_mm"": 0.055, ""required_mm"": 0.1}, {""object"": ""pad C46.2"", ""gap_mm"": 0.08545, ""required_mm"": 0.1}]","[{""object"": ""zone 76030032-4582-4478-b113-e25529c5fe3e"", ""gap_mm"": 0.0505, ""required_mm"": 0.1}]","[""04d7849b-7f2d-42da-be96-8edd8f0e28f6"", ""42da7d6c-d89f-44d2-8d3a-f73f83295a9d""]",Review branch currents and topology; different branch widths can be intentional.
W059,branch_review,GND,B.Cu,10.725,39.375,0.1,0.15,endpoint,0.459619,[],"[{""object"": ""track e6f2f6da-31a9-4c69-9d78-e7353ef60b48"", ""gap_mm"": 0.075, ""required_mm"": 0.1}]",[],"[""6a132136-311d-4c2d-9313-7af69219d9ad"", ""99b6ede0-ef80-4916-b40c-457a2596a6fa""]",Review branch currents and topology; different branch widths can be intentional.
W060,branch_review,GND,B.Cu,10.725,39.375,0.1,0.15,endpoint,0.484619,[],"[{""object"": ""track ad4a5e25-3ae6-446e-a1ad-9c9199be8ba1"", ""gap_mm"": 0.075, ""required_mm"": 0.1}, {""object"": ""track fb8bd343-ea94-4aca-b160-b1038518e06c"", ""gap_mm"": 0.075, ""required_mm"": 0.1}, {""object"": ""track 7837d937-d90d-4240-aabf-b84394e38619"", ""gap_mm"": 0.087132, ""required_mm"": 0.1}]",[],"[""99b6ede0-ef80-4916-b40c-457a2596a6fa"", ""9fbcb8a6-fad1-4ddc-b1ba-17b22a6ba05d""]",Review branch currents and topology; different branch widths can be intentional.
W061,branch_review,GND,F.Cu,19.45,16.25,0.2,0.25,interior_join,0.544975,[],"[{""object"": ""pad Y1.OUT/IN"", ""gap_mm"": 0.090091, ""required_mm"": 0.1}]",[],"[""3cd6e990-1d4b-4d85-b81c-510ef47cb569"", ""54f9072c-a614-4565-8c5c-b2f7f760fa69""]",Review branch currents and topology; different branch widths can be intentional.
W062,branch_review,GND,F.Cu,19.125,17.275,0.2,0.25,interior_join,5.183883,"[""pad C7.2""]","[{""object"": ""pad Y1.OUT/IN"", ""gap_mm"": 0.090091, ""required_mm"": 0.1}]",[],"[""924f1d9c-62ce-4de0-afdb-63b40c6fc113"", ""b66cd0fc-ff1d-4cdb-992e-3e93aabb11cd""]",Review branch currents and topology; different branch widths can be intentional.
W063,branch_review,GND,F.Cu,19.125,17.275,0.2,0.25,endpoint,0.7,"[""pad C7.2""]","[{""object"": ""pad Y1.OUT/IN"", ""gap_mm"": 0.090091, ""required_mm"": 0.1}]",[],"[""b66cd0fc-ff1d-4cdb-992e-3e93aabb11cd"", ""eb2b3a44-64ad-471b-8c0f-9bc62e2de0dd""]",Review branch currents and topology; different branch widths can be intentional.
W064,overlap_topology_review,+1.2V,F.Cu,6.8125,39.2625,0.1,0.25,copper_overlap,7.232412,"[""pad U2.30""]","[{""object"": ""track 729e23b8-afd5-410c-8521-c8af22931740"", ""gap_mm"": 0.026608, ""required_mm"": 0.1}, {""object"": ""pad U2.29"", ""gap_mm"": 0.07231, ""required_mm"": 0.1}, {""object"": ""pad U2.PAD"", ""gap_mm"": 0.035, ""required_mm"": 0.1}, {""object"": ""track 49a96588-e8ee-41e5-829b-05e823518f82"", ""gap_mm"": 0.026608, ""required_mm"": 0.1}]","[{""object"": ""zone 76030032-4582-4478-b113-e25529c5fe3e"", ""gap_mm"": 0.025499, ""required_mm"": 0.1}]","[""4cc56bae-9f65-4aef-a8ca-ff8e74e23188"", ""eaf0f51c-399d-49db-bd30-29069d2f50e7""]",Inspect the overlapping copper join before editing widths; this is not a simple endpoint transition.
W065,overlap_topology_review,+1.2V,F.Cu,5.0798,39.95,0.1,0.2,copper_overlap,1.639949,"[""pad C49.1""]","[{""object"": ""pad C44.2"", ""gap_mm"": 0.08545, ""required_mm"": 0.1}]","[{""object"": ""zone 76030032-4582-4478-b113-e25529c5fe3e"", ""gap_mm"": 0.0505, ""required_mm"": 0.1}]","[""7586f53f-5853-499f-843f-3f29f0b63a56"", ""b5ce97dc-ba7b-44d5-958b-3e4cb65a3693""]",Inspect the overlapping copper join before editing widths; this is not a simple endpoint transition.
W066,overlap_topology_review,+1.2V,F.Cu,13.625,40.2125,0.1,0.25,copper_overlap,1.098243,"[""pad U2.5""]","[{""object"": ""pad U2.6"", ""gap_mm"": 0.062149, ""required_mm"": 0.1}, {""object"": ""via 5f708ed0-0066-4230-a2aa-650d1afc7c01"", ""gap_mm"": 0.025, ""required_mm"": 0.1}, {""object"": ""via 736c27fa-6fe8-4048-86bc-26dcda1d0aa0"", ""gap_mm"": 0.025, ""required_mm"": 0.1}]","[{""object"": ""zone 76030032-4582-4478-b113-e25529c5fe3e"", ""gap_mm"": 0.0255, ""required_mm"": 0.1}]","[""05ab9db0-bbc0-4cac-a2cc-8b5a7b12892f"", ""6130d203-0944-46b7-a301-1337e49ad11b""]",Inspect the overlapping copper join before editing widths; this is not a simple endpoint transition.
W067,overlap_topology_review,+1.2V_PLL,F.Cu,3.175,37.65,0.1,0.25,copper_overlap,0.848528,"[""pad C43.1""]","[{""object"": ""via 0de7c275-bc9d-4670-b542-7004b8d91d1d"", ""gap_mm"": 0.043198, ""required_mm"": 0.1}, {""object"": ""track 09abd77d-ba13-47de-ae32-4329777a5a41"", ""gap_mm"": 0.093198, ""required_mm"": 0.1}]","[{""object"": ""zone 76030032-4582-4478-b113-e25529c5fe3e"", ""gap_mm"": 0.0255, ""required_mm"": 0.1}]","[""7b8752b0-1287-4d1b-8ac9-4370b250cdc1"", ""fd0f5a19-6c47-401c-91cc-f34218e92c8d""]",Inspect the overlapping copper join before editing widths; this is not a simple endpoint transition.
W068,overlap_topology_review,+1.2V_PLL,F.Cu,3.15,37.675,0.1,0.25,copper_overlap,0.848528,"[""pad C43.1""]","[{""object"": ""via 0de7c275-bc9d-4670-b542-7004b8d91d1d"", ""gap_mm"": 0.043198, ""required_mm"": 0.1}, {""object"": ""track 09abd77d-ba13-47de-ae32-4329777a5a41"", ""gap_mm"": 0.093198, ""required_mm"": 0.1}]","[{""object"": ""zone 76030032-4582-4478-b113-e25529c5fe3e"", ""gap_mm"": 0.0255, ""required_mm"": 0.1}]","[""7971bb5a-fe32-4816-9c7f-a8942ef758a1"", ""fd0f5a19-6c47-401c-91cc-f34218e92c8d""]",Inspect the overlapping copper join before editing widths; this is not a simple endpoint transition.
W069,overlap_topology_review,+3.3V,F.Cu,14.7,10.025,0.15,0.3,copper_overlap,2.161549,"[""via a844b093-05a1-4f40-b630-a8ba827998bd""]","[{""object"": ""pad C37.2"", ""gap_mm"": 0.039628, ""required_mm"": 0.1}, {""object"": ""pad C1.1"", ""gap_mm"": 0.056988, ""required_mm"": 0.1}]","[{""object"": ""zone 76030032-4582-4478-b113-e25529c5fe3e"", ""gap_mm"": 0.0255, ""required_mm"": 0.1}]","[""0b7aaf44-6ff6-42af-aad5-c2ad38c51d0b"", ""8a9b17ca-1383-4d82-9c44-d5487033b0df""]",Inspect the overlapping copper join before editing widths; this is not a simple endpoint transition.
W070,overlap_topology_review,+3.3V,F.Cu,17.3125,11.3625,0.25,0.4,copper_overlap,0.671751,"[""pad L1.1""]","[{""object"": ""pad C6.1"", ""gap_mm"": 0.03545, ""required_mm"": 0.1}]",[],"[""76f6a90c-5e3c-4dc2-9a90-391dacc183ed"", ""c9cf75ae-708a-479c-96e6-e32bd06e13e1""]",Inspect the overlapping copper join before editing widths; this is not a simple endpoint transition.
W071,overlap_topology_review,+3.3V,F.Cu,17.325,11.3625,0.25,0.4,copper_overlap,0.671751,"[""pad L1.1""]","[{""object"": ""pad C6.1"", ""gap_mm"": 0.03545, ""required_mm"": 0.1}]",[],"[""232efeb9-cc5c-4a53-8259-a754deada378"", ""c9cf75ae-708a-479c-96e6-e32bd06e13e1""]",Inspect the overlapping copper join before editing widths; this is not a simple endpoint transition.
W072,overlap_topology_review,+3.3V,F.Cu,17.3375,11.375,0.25,0.4,copper_overlap,0.671751,"[""pad L1.1""]","[{""object"": ""pad C6.1"", ""gap_mm"": 0.03545, ""required_mm"": 0.1}]",[],"[""9ba529fc-d42e-4070-9e40-3e3c7663cbad"", ""c9cf75ae-708a-479c-96e6-e32bd06e13e1""]",Inspect the overlapping copper join before editing widths; this is not a simple endpoint transition.
W073,overlap_topology_review,+3.3V,F.Cu,17.7,11.725,0.25,0.4,copper_overlap,0.671751,"[""pad L1.1"", ""via abd22782-a6f5-4f99-8ad7-0afabd945df5""]","[{""object"": ""pad C6.1"", ""gap_mm"": 0.03545, ""required_mm"": 0.1}]",[],"[""49a99554-c1ae-426a-819b-25b4830c1abd"", ""c9cf75ae-708a-479c-96e6-e32bd06e13e1""]",Inspect the overlapping copper join before editing widths; this is not a simple endpoint transition.
W074,overlap_topology_review,+3.3V,F.Cu,17.7,11.725,0.25,0.4,copper_overlap,0.671751,"[""pad L1.1"", ""via abd22782-a6f5-4f99-8ad7-0afabd945df5""]","[{""object"": ""pad C6.1"", ""gap_mm"": 0.03545, ""required_mm"": 0.1}]",[],"[""839e3ae7-ee40-4c6b-8761-9665e29d799e"", ""c9cf75ae-708a-479c-96e6-e32bd06e13e1""]",Inspect the overlapping copper join before editing widths; this is not a simple endpoint transition.
W075,overlap_topology_review,+3.3V,F.Cu,17.875,11.75,0.25,0.4,copper_overlap,0.106066,"[""via abd22782-a6f5-4f99-8ad7-0afabd945df5""]","[{""object"": ""pad C6.1"", ""gap_mm"": 0.03545, ""required_mm"": 0.1}]",[],"[""49a99554-c1ae-426a-819b-25b4830c1abd"", ""50475509-9c76-4027-b991-b6be077c2b8f""]",Inspect the overlapping copper join before editing widths; this is not a simple endpoint transition.
W076,overlap_topology_review,+3.3V,F.Cu,17.875,11.75,0.25,0.4,copper_overlap,0.106066,"[""via abd22782-a6f5-4f99-8ad7-0afabd945df5""]","[{""object"": ""pad C6.1"", ""gap_mm"": 0.03545, ""required_mm"": 0.1}]",[],"[""50475509-9c76-4027-b991-b6be077c2b8f"", ""839e3ae7-ee40-4c6b-8761-9665e29d799e""]",Inspect the overlapping copper join before editing widths; this is not a simple endpoint transition.
W077,overlap_topology_review,+3.3V,F.Cu,17.825,11.7875,0.25,0.4,copper_overlap,0.2,"[""pad L1.1"", ""via abd22782-a6f5-4f99-8ad7-0afabd945df5""]","[{""object"": ""pad C6.1"", ""gap_mm"": 0.03545, ""required_mm"": 0.1}]",[],"[""49a99554-c1ae-426a-819b-25b4830c1abd"", ""5f627183-a6db-4b9c-9cdb-c5dd1ab91efd""]",Inspect the overlapping copper join before editing widths; this is not a simple endpoint transition.
W078,overlap_topology_review,+3.3V,F.Cu,17.85,11.7875,0.25,0.4,copper_overlap,0.2,"[""via abd22782-a6f5-4f99-8ad7-0afabd945df5""]","[{""object"": ""pad C6.1"", ""gap_mm"": 0.03545, ""required_mm"": 0.1}]",[],"[""5f627183-a6db-4b9c-9cdb-c5dd1ab91efd"", ""839e3ae7-ee40-4c6b-8761-9665e29d799e""]",Inspect the overlapping copper join before editing widths; this is not a simple endpoint transition.
W079,overlap_topology_review,+3.3V,F.Cu,17.9375,11.7875,0.15,0.4,copper_overlap,8.429594,"[""via abd22782-a6f5-4f99-8ad7-0afabd945df5""]","[{""object"": ""pad C32.2"", ""gap_mm"": 0.0046, ""required_mm"": 0.1}, {""object"": ""pad C32.1"", ""gap_mm"": 0.0046, ""required_mm"": 0.1}, {""object"": ""pad L1.2"", ""gap_mm"": 0.0, ""required_mm"": 0.1}, {""object"": ""track 82f36b29-9ab5-4a56-a853-952df0bacef1"", ""gap_mm"": 0.025, ""required_mm"": 0.1}, {""object"": ""pad C6.2"", ""gap_mm"": 0.0296, ""required_mm"": 0.1}, {""object"": ""pad C6.1"", ""gap_mm"": 0.0, ""required_mm"": 0.1}, {""object"": ""track d5c323b5-baa1-4d8b-b50e-89b6d36698ba"", ""gap_mm"": 0.0, ""required_mm"": 0.1}, {""object"": ""via d81329fa-92a2-4473-a6d5-78d427db4f3d"", ""gap_mm"": 0.0, ""required_mm"": 0.1}, {""object"": ""pad Y1.GND-A"", ""gap_mm"": 0.05, ""required_mm"": 0.1}]","[{""object"": ""zone 76030032-4582-4478-b113-e25529c5fe3e"", ""gap_mm"": 0.0, ""required_mm"": 0.1}]","[""49a99554-c1ae-426a-819b-25b4830c1abd"", ""dfdcfb27-b5bd-44b0-83b2-19473435e667""]",Inspect the overlapping copper join before editing widths; this is not a simple endpoint transition.
W080,overlap_topology_review,+3.3V,F.Cu,17.9375,11.7875,0.15,0.4,copper_overlap,8.429594,"[""via abd22782-a6f5-4f99-8ad7-0afabd945df5""]","[{""object"": ""pad C32.2"", ""gap_mm"": 0.0046, ""required_mm"": 0.1}, {""object"": ""pad C32.1"", ""gap_mm"": 0.0046, ""required_mm"": 0.1}, {""object"": ""pad L1.2"", ""gap_mm"": 0.0, ""required_mm"": 0.1}, {""object"": ""track 82f36b29-9ab5-4a56-a853-952df0bacef1"", ""gap_mm"": 0.025, ""required_mm"": 0.1}, {""object"": ""pad C6.2"", ""gap_mm"": 0.0296, ""required_mm"": 0.1}, {""object"": ""pad C6.1"", ""gap_mm"": 0.0, ""required_mm"": 0.1}, {""object"": ""track d5c323b5-baa1-4d8b-b50e-89b6d36698ba"", ""gap_mm"": 0.0, ""required_mm"": 0.1}, {""object"": ""via d81329fa-92a2-4473-a6d5-78d427db4f3d"", ""gap_mm"": 0.0, ""required_mm"": 0.1}, {""object"": ""pad Y1.GND-A"", ""gap_mm"": 0.05, ""required_mm"": 0.1}]","[{""object"": ""zone 76030032-4582-4478-b113-e25529c5fe3e"", ""gap_mm"": 0.0, ""required_mm"": 0.1}]","[""839e3ae7-ee40-4c6b-8761-9665e29d799e"", ""dfdcfb27-b5bd-44b0-83b2-19473435e667""]",Inspect the overlapping copper join before editing widths; this is not a simple endpoint transition.
W081,overlap_topology_review,+3.3V,F.Cu,17.8625,11.8125,0.25,0.4,copper_overlap,0.671751,"[""via abd22782-a6f5-4f99-8ad7-0afabd945df5""]","[{""object"": ""pad C6.1"", ""gap_mm"": 0.03545, ""required_mm"": 0.1}]",[],"[""583e3fda-aac3-4326-9b0c-dff5b83dbe15"", ""c9cf75ae-708a-479c-96e6-e32bd06e13e1""]",Inspect the overlapping copper join before editing widths; this is not a simple endpoint transition.
W082,overlap_topology_review,+3.3V,F.Cu,17.8625,11.8125,0.25,0.4,copper_overlap,0.671751,"[""via abd22782-a6f5-4f99-8ad7-0afabd945df5""]","[{""object"": ""pad C6.1"", ""gap_mm"": 0.03545, ""required_mm"": 0.1}]",[],"[""b66e5382-ca95-4347-8215-c204ac2068f4"", ""c9cf75ae-708a-479c-96e6-e32bd06e13e1""]",Inspect the overlapping copper join before editing widths; this is not a simple endpoint transition.
W083,overlap_topology_review,+3.3V,F.Cu,17.9,11.8125,0.25,0.4,copper_overlap,0.2,"[""via abd22782-a6f5-4f99-8ad7-0afabd945df5""]","[{""object"": ""pad C6.1"", ""gap_mm"": 0.03545, ""required_mm"": 0.1}]",[],"[""583e3fda-aac3-4326-9b0c-dff5b83dbe15"", ""5f627183-a6db-4b9c-9cdb-c5dd1ab91efd""]",Inspect the overlapping copper join before editing widths; this is not a simple endpoint transition.
W084,overlap_topology_review,+3.3V,F.Cu,17.9,11.8125,0.25,0.4,copper_overlap,0.2,"[""via abd22782-a6f5-4f99-8ad7-0afabd945df5""]","[{""object"": ""pad C6.1"", ""gap_mm"": 0.03545, ""required_mm"": 0.1}]",[],"[""5f627183-a6db-4b9c-9cdb-c5dd1ab91efd"", ""b66e5382-ca95-4347-8215-c204ac2068f4""]",Inspect the overlapping copper join before editing widths; this is not a simple endpoint transition.
W085,overlap_topology_review,+3.3V,F.Cu,17.9625,11.8125,0.15,0.25,copper_overlap,8.429594,"[""via abd22782-a6f5-4f99-8ad7-0afabd945df5""]","[{""object"": ""pad C32.2"", ""gap_mm"": 0.0796, ""required_mm"": 0.1}, {""object"": ""pad C32.1"", ""gap_mm"": 0.0796, ""required_mm"": 0.1}, {""object"": ""pad L1.2"", ""gap_mm"": 0.05, ""required_mm"": 0.1}, {""object"": ""pad C6.1"", ""gap_mm"": 0.0546, ""required_mm"": 0.1}, {""object"": ""track d5c323b5-baa1-4d8b-b50e-89b6d36698ba"", ""gap_mm"": 0.075, ""required_mm"": 0.1}, {""object"": ""via d81329fa-92a2-4473-a6d5-78d427db4f3d"", ""gap_mm"": 0.05, ""required_mm"": 0.1}]","[{""object"": ""zone 76030032-4582-4478-b113-e25529c5fe3e"", ""gap_mm"": 0.050498, ""required_mm"": 0.1}]","[""50475509-9c76-4027-b991-b6be077c2b8f"", ""dfdcfb27-b5bd-44b0-83b2-19473435e667""]",Inspect the overlapping copper join before editing widths; this is not a simple endpoint transition.
W086,overlap_topology_review,+3.3V,F.Cu,17.9625,11.8125,0.15,0.4,copper_overlap,8.429594,"[""via abd22782-a6f5-4f99-8ad7-0afabd945df5""]","[{""object"": ""pad C32.2"", ""gap_mm"": 0.0046, ""required_mm"": 0.1}, {""object"": ""pad C32.1"", ""gap_mm"": 0.0046, ""required_mm"": 0.1}, {""object"": ""pad L1.2"", ""gap_mm"": 0.0, ""required_mm"": 0.1}, {""object"": ""track 82f36b29-9ab5-4a56-a853-952df0bacef1"", ""gap_mm"": 0.025, ""required_mm"": 0.1}, {""object"": ""pad C6.2"", ""gap_mm"": 0.0296, ""required_mm"": 0.1}, {""object"": ""pad C6.1"", ""gap_mm"": 0.0, ""required_mm"": 0.1}, {""object"": ""track d5c323b5-baa1-4d8b-b50e-89b6d36698ba"", ""gap_mm"": 0.0, ""required_mm"": 0.1}, {""object"": ""via d81329fa-92a2-4473-a6d5-78d427db4f3d"", ""gap_mm"": 0.0, ""required_mm"": 0.1}, {""object"": ""pad Y1.GND-A"", ""gap_mm"": 0.05, ""required_mm"": 0.1}]","[{""object"": ""zone 76030032-4582-4478-b113-e25529c5fe3e"", ""gap_mm"": 0.0, ""required_mm"": 0.1}]","[""583e3fda-aac3-4326-9b0c-dff5b83dbe15"", ""dfdcfb27-b5bd-44b0-83b2-19473435e667""]",Inspect the overlapping copper join before editing widths; this is not a simple endpoint transition.
W087,overlap_topology_review,+3.3V,F.Cu,17.9625,11.8125,0.15,0.4,copper_overlap,8.429594,"[""via abd22782-a6f5-4f99-8ad7-0afabd945df5""]","[{""object"": ""pad C32.2"", ""gap_mm"": 0.0046, ""required_mm"": 0.1}, {""object"": ""pad C32.1"", ""gap_mm"": 0.0046, ""required_mm"": 0.1}, {""object"": ""pad L1.2"", ""gap_mm"": 0.0, ""required_mm"": 0.1}, {""object"": ""track 82f36b29-9ab5-4a56-a853-952df0bacef1"", ""gap_mm"": 0.025, ""required_mm"": 0.1}, {""object"": ""pad C6.2"", ""gap_mm"": 0.0296, ""required_mm"": 0.1}, {""object"": ""pad C6.1"", ""gap_mm"": 0.0, ""required_mm"": 0.1}, {""object"": ""track d5c323b5-baa1-4d8b-b50e-89b6d36698ba"", ""gap_mm"": 0.0, ""required_mm"": 0.1}, {""object"": ""via d81329fa-92a2-4473-a6d5-78d427db4f3d"", ""gap_mm"": 0.0, ""required_mm"": 0.1}, {""object"": ""pad Y1.GND-A"", ""gap_mm"": 0.05, ""required_mm"": 0.1}]","[{""object"": ""zone 76030032-4582-4478-b113-e25529c5fe3e"", ""gap_mm"": 0.0, ""required_mm"": 0.1}]","[""b66e5382-ca95-4347-8215-c204ac2068f4"", ""dfdcfb27-b5bd-44b0-83b2-19473435e667""]",Inspect the overlapping copper join before editing widths; this is not a simple endpoint transition.
W088,overlap_topology_review,+3.3V,F.Cu,17.925,11.85,0.15,0.25,copper_overlap,8.429594,"[""via abd22782-a6f5-4f99-8ad7-0afabd945df5""]","[{""object"": ""pad C32.2"", ""gap_mm"": 0.0796, ""required_mm"": 0.1}, {""object"": ""pad C32.1"", ""gap_mm"": 0.0796, ""required_mm"": 0.1}, {""object"": ""pad L1.2"", ""gap_mm"": 0.05, ""required_mm"": 0.1}, {""object"": ""pad C6.1"", ""gap_mm"": 0.0546, ""required_mm"": 0.1}, {""object"": ""track d5c323b5-baa1-4d8b-b50e-89b6d36698ba"", ""gap_mm"": 0.075, ""required_mm"": 0.1}, {""object"": ""via d81329fa-92a2-4473-a6d5-78d427db4f3d"", ""gap_mm"": 0.05, ""required_mm"": 0.1}]","[{""object"": ""zone 76030032-4582-4478-b113-e25529c5fe3e"", ""gap_mm"": 0.050498, ""required_mm"": 0.1}]","[""c9cf75ae-708a-479c-96e6-e32bd06e13e1"", ""dfdcfb27-b5bd-44b0-83b2-19473435e667""]",Inspect the overlapping copper join before editing widths; this is not a simple endpoint transition.
W089,overlap_topology_review,+3.3V,F.Cu,13.781975,11.894475,0.15,0.3,copper_overlap,2.161549,"[""pad C37.1""]","[{""object"": ""pad C37.2"", ""gap_mm"": 0.039628, ""required_mm"": 0.1}, {""object"": ""pad C1.1"", ""gap_mm"": 0.056988, ""required_mm"": 0.1}]","[{""object"": ""zone 76030032-4582-4478-b113-e25529c5fe3e"", ""gap_mm"": 0.0255, ""required_mm"": 0.1}]","[""8a8bd08b-bc03-4c00-bf93-66940244275c"", ""d79ff3c6-ab71-4244-a054-da7a54e96a4d""]",Inspect the overlapping copper join before editing widths; this is not a simple endpoint transition.
W090,overlap_topology_review,+3.3V,F.Cu,12.675,11.9375,0.2,0.3,copper_overlap,1.1125,"[""pad U1.1""]","[{""object"": ""via 218d243f-bfd6-45a3-ae83-5646a368d189"", ""gap_mm"": 0.095, ""required_mm"": 0.1}]","[{""object"": ""zone 76030032-4582-4478-b113-e25529c5fe3e"", ""gap_mm"": 0.091128, ""required_mm"": 0.1}]","[""02254c29-8180-4c00-8f43-0ca704385a0d"", ""cdde7750-576b-42e0-be42-d92723c68cf7""]",Inspect the overlapping copper join before editing widths; this is not a simple endpoint transition.
W091,overlap_topology_review,+3.3V,F.Cu,12.6875,11.9375,0.2,0.3,copper_overlap,1.1125,"[""pad U1.1""]","[{""object"": ""via 218d243f-bfd6-45a3-ae83-5646a368d189"", ""gap_mm"": 0.095, ""required_mm"": 0.1}]","[{""object"": ""zone 76030032-4582-4478-b113-e25529c5fe3e"", ""gap_mm"": 0.091128, ""required_mm"": 0.1}]","[""ab95aa2f-6ef0-4c86-b177-9d6d908a8458"", ""cdde7750-576b-42e0-be42-d92723c68cf7""]",Inspect the overlapping copper join before editing widths; this is not a simple endpoint transition.
W092,overlap_topology_review,+3.3V,F.Cu,12.7,11.9599,0.2,0.3,copper_overlap,1.1125,"[""pad U1.1""]","[{""object"": ""via 218d243f-bfd6-45a3-ae83-5646a368d189"", ""gap_mm"": 0.095, ""required_mm"": 0.1}]","[{""object"": ""zone 76030032-4582-4478-b113-e25529c5fe3e"", ""gap_mm"": 0.091128, ""required_mm"": 0.1}]","[""85416b75-7701-45bb-a8ca-ffcb0d9d8e90"", ""cdde7750-576b-42e0-be42-d92723c68cf7""]",Inspect the overlapping copper join before editing widths; this is not a simple endpoint transition.
W093,overlap_topology_review,+3.3V,F.Cu,13.71655,11.9599,0.15,0.3,copper_overlap,2.161549,"[""pad C37.1""]","[{""object"": ""pad C37.2"", ""gap_mm"": 0.039628, ""required_mm"": 0.1}, {""object"": ""pad C1.1"", ""gap_mm"": 0.056988, ""required_mm"": 0.1}]","[{""object"": ""zone 76030032-4582-4478-b113-e25529c5fe3e"", ""gap_mm"": 0.0255, ""required_mm"": 0.1}]","[""85416b75-7701-45bb-a8ca-ffcb0d9d8e90"", ""d79ff3c6-ab71-4244-a054-da7a54e96a4d""]",Inspect the overlapping copper join before editing widths; this is not a simple endpoint transition.
W094,overlap_topology_review,+3.3V,F.Cu,13.5625,17.275,0.1,0.2,copper_overlap,1.325,"[""pad U1.45""]","[{""object"": ""pad U1.57"", ""gap_mm"": 0.0557, ""required_mm"": 0.1}]","[{""object"": ""zone 76030032-4582-4478-b113-e25529c5fe3e"", ""gap_mm"": 0.0505, ""required_mm"": 0.1}]","[""1adad6c3-aba9-4009-a9e5-5ff19c8395a2"", ""a235fd27-bb11-4650-b487-05739362589a""]",Inspect the overlapping copper join before editing widths; this is not a simple endpoint transition.
W095,overlap_topology_review,+3.3V,F.Cu,13.5026,17.3,0.1,0.2,copper_overlap,1.325,"[""pad U1.45""]","[{""object"": ""pad U1.57"", ""gap_mm"": 0.0557, ""required_mm"": 0.1}]","[{""object"": ""zone 76030032-4582-4478-b113-e25529c5fe3e"", ""gap_mm"": 0.0505, ""required_mm"": 0.1}]","[""1adad6c3-aba9-4009-a9e5-5ff19c8395a2"", ""4683de65-0fe5-46ac-a97e-3bb542d2a1cf""]",Inspect the overlapping copper join before editing widths; this is not a simple endpoint transition.
W096,overlap_topology_review,+3.3V,F.Cu,13.5375,17.3,0.1,0.2,copper_overlap,1.325,"[""pad U1.45""]","[{""object"": ""pad U1.57"", ""gap_mm"": 0.0557, ""required_mm"": 0.1}]","[{""object"": ""zone 76030032-4582-4478-b113-e25529c5fe3e"", ""gap_mm"": 0.0505, ""required_mm"": 0.1}]","[""0317e350-0a7a-4124-bf5f-9eb27bc04b4e"", ""1adad6c3-aba9-4009-a9e5-5ff19c8395a2""]",Inspect the overlapping copper join before editing widths; this is not a simple endpoint transition.
W097,overlap_topology_review,+3.3V,F.Cu,6.4974,17.7,0.2,0.3,copper_overlap,1.542307,"[""pad U1.27""]","[{""object"": ""via 70edb013-28f5-45b8-ba9d-d71301e6a4c1"", ""gap_mm"": 0.05, ""required_mm"": 0.1}, {""object"": ""pad U1.28"", ""gap_mm"": 0.070193, ""required_mm"": 0.1}]","[{""object"": ""zone 76030032-4582-4478-b113-e25529c5fe3e"", ""gap_mm"": 0.0505, ""required_mm"": 0.1}]","[""482f7e55-6da0-4e68-ba68-6cffb1a8ce30"", ""69a2a252-c14c-4928-80d5-deec7309c1ba""]",Inspect the overlapping copper join before editing widths; this is not a simple endpoint transition.
W098,overlap_topology_review,+3.3V,F.Cu,6.5099,17.7125,0.2,0.3,copper_overlap,1.542307,"[""pad U1.27""]","[{""object"": ""via 70edb013-28f5-45b8-ba9d-d71301e6a4c1"", ""gap_mm"": 0.05, ""required_mm"": 0.1}, {""object"": ""pad U1.28"", ""gap_mm"": 0.070193, ""required_mm"": 0.1}]","[{""object"": ""zone 76030032-4582-4478-b113-e25529c5fe3e"", ""gap_mm"": 0.0505, ""required_mm"": 0.1}]","[""69a2a252-c14c-4928-80d5-deec7309c1ba"", ""fb42a986-2fe9-4f71-8cf1-d7b61486b58b""]",Inspect the overlapping copper join before editing widths; this is not a simple endpoint transition.
W099,overlap_topology_review,+3.3V,F.Cu,15.6625,24.775,0.3,0.4,copper_overlap,0.075,"[""pad U3.6""]","[{""object"": ""track a8e4a2d1-7a14-42b3-aab1-644181c94a78"", ""gap_mm"": 0.094119, ""required_mm"": 0.1}, {""object"": ""pad U3.5"", ""gap_mm"": 0.075, ""required_mm"": 0.1}]","[{""object"": ""zone 76030032-4582-4478-b113-e25529c5fe3e"", ""gap_mm"": 0.065145, ""required_mm"": 0.1}]","[""133e8530-e2eb-4c1e-97a5-363267cb7a2b"", ""fbcbc6ff-a856-411d-bb3e-18851b0dfb59""]",Inspect the overlapping copper join before editing widths; this is not a simple endpoint transition.
W100,overlap_topology_review,+3.3V,F.Cu,15.675,24.8125,0.3,0.4,copper_overlap,0.035355,"[""pad U3.6""]","[{""object"": ""pad U3.5"", ""gap_mm"": 0.075104, ""required_mm"": 0.1}]","[{""object"": ""zone 76030032-4582-4478-b113-e25529c5fe3e"", ""gap_mm"": 0.065145, ""required_mm"": 0.1}]","[""21895ce1-2009-4c4e-82d5-ead25a05dbb4"", ""c4ecb65e-2675-444f-a251-519c177fb4d7""]",Inspect the overlapping copper join before editing widths; this is not a simple endpoint transition.
W101,overlap_topology_review,+3.3V,F.Cu,15.6875,24.825,0.3,0.4,copper_overlap,0.035355,"[""pad U3.6""]","[{""object"": ""pad U3.5"", ""gap_mm"": 0.075104, ""required_mm"": 0.1}]","[{""object"": ""zone 76030032-4582-4478-b113-e25529c5fe3e"", ""gap_mm"": 0.065145, ""required_mm"": 0.1}]","[""21895ce1-2009-4c4e-82d5-ead25a05dbb4"", ""dbf2ae00-ad1d-4299-a8d6-47c03ff1044c""]",Inspect the overlapping copper join before editing widths; this is not a simple endpoint transition.
W102,overlap_topology_review,+3.3V,F.Cu,15.6625,24.8375,0.3,0.4,copper_overlap,0.075,"[""pad U3.6""]","[{""object"": ""track a8e4a2d1-7a14-42b3-aab1-644181c94a78"", ""gap_mm"": 0.094119, ""required_mm"": 0.1}, {""object"": ""pad U3.5"", ""gap_mm"": 0.075, ""required_mm"": 0.1}]","[{""object"": ""zone 76030032-4582-4478-b113-e25529c5fe3e"", ""gap_mm"": 0.065145, ""required_mm"": 0.1}]","[""133e8530-e2eb-4c1e-97a5-363267cb7a2b"", ""c4ecb65e-2675-444f-a251-519c177fb4d7""]",Inspect the overlapping copper join before editing widths; this is not a simple endpoint transition.
W103,overlap_topology_review,+3.3V,F.Cu,15.6875,24.8375,0.3,0.4,copper_overlap,0.035355,"[""pad U3.6""]","[{""object"": ""pad U3.5"", ""gap_mm"": 0.075104, ""required_mm"": 0.1}]","[{""object"": ""zone 76030032-4582-4478-b113-e25529c5fe3e"", ""gap_mm"": 0.065145, ""required_mm"": 0.1}]","[""21895ce1-2009-4c4e-82d5-ead25a05dbb4"", ""830dac8a-1cbd-4119-875b-aa3b249119ca""]",Inspect the overlapping copper join before editing widths; this is not a simple endpoint transition.
W104,overlap_topology_review,+3.3V,F.Cu,15.6625,24.85,0.3,0.4,copper_overlap,0.1,"[""pad U3.6""]","[{""object"": ""track a8e4a2d1-7a14-42b3-aab1-644181c94a78"", ""gap_mm"": 0.087311, ""required_mm"": 0.1}, {""object"": ""pad U3.5"", ""gap_mm"": 0.075, ""required_mm"": 0.1}]","[{""object"": ""zone 76030032-4582-4478-b113-e25529c5fe3e"", ""gap_mm"": 0.065145, ""required_mm"": 0.1}]","[""4384b4f2-b77d-4d74-bc1c-146b589a7fc0"", ""c4ecb65e-2675-444f-a251-519c177fb4d7""]",Inspect the overlapping copper join before editing widths; this is not a simple endpoint transition.
W105,overlap_topology_review,+3.3V,F.Cu,15.6625,24.85,0.3,0.4,copper_overlap,0.1,"[""pad U3.6""]","[{""object"": ""track a8e4a2d1-7a14-42b3-aab1-644181c94a78"", ""gap_mm"": 0.087311, ""required_mm"": 0.1}, {""object"": ""pad U3.5"", ""gap_mm"": 0.075, ""required_mm"": 0.1}]","[{""object"": ""zone 76030032-4582-4478-b113-e25529c5fe3e"", ""gap_mm"": 0.065145, ""required_mm"": 0.1}]","[""4384b4f2-b77d-4d74-bc1c-146b589a7fc0"", ""fbcbc6ff-a856-411d-bb3e-18851b0dfb59""]",Inspect the overlapping copper join before editing widths; this is not a simple endpoint transition.
W106,overlap_topology_review,+3.3V,F.Cu,15.6625,24.85,0.3,0.4,copper_overlap,0.687132,"[""pad U3.6""]","[{""object"": ""track a8e4a2d1-7a14-42b3-aab1-644181c94a78"", ""gap_mm"": 0.075, ""required_mm"": 0.1}, {""object"": ""pad U3.5"", ""gap_mm"": 0.075, ""required_mm"": 0.1}, {""object"": ""track 0c51e033-e3ea-4f66-b50c-06bf246a6f8d"", ""gap_mm"": 0.056586, ""required_mm"": 0.1}]","[{""object"": ""zone 76030032-4582-4478-b113-e25529c5fe3e"", ""gap_mm"": 0.0505, ""required_mm"": 0.1}]","[""c4ecb65e-2675-444f-a251-519c177fb4d7"", ""c88f44c1-7501-4883-81cb-096c19b21902""]",Inspect the overlapping copper join before editing widths; this is not a simple endpoint transition.
W107,overlap_topology_review,+3.3V,F.Cu,15.6625,24.85,0.3,0.4,copper_overlap,0.687132,"[""pad U3.6""]","[{""object"": ""track a8e4a2d1-7a14-42b3-aab1-644181c94a78"", ""gap_mm"": 0.075, ""required_mm"": 0.1}, {""object"": ""pad U3.5"", ""gap_mm"": 0.075, ""required_mm"": 0.1}, {""object"": ""track 0c51e033-e3ea-4f66-b50c-06bf246a6f8d"", ""gap_mm"": 0.056586, ""required_mm"": 0.1}]","[{""object"": ""zone 76030032-4582-4478-b113-e25529c5fe3e"", ""gap_mm"": 0.0505, ""required_mm"": 0.1}]","[""c88f44c1-7501-4883-81cb-096c19b21902"", ""fbcbc6ff-a856-411d-bb3e-18851b0dfb59""]",Inspect the overlapping copper join before editing widths; this is not a simple endpoint transition.
W108,overlap_topology_review,+3.3V,F.Cu,15.675,24.85,0.3,0.4,copper_overlap,0.075,"[""pad U3.6""]","[{""object"": ""track a8e4a2d1-7a14-42b3-aab1-644181c94a78"", ""gap_mm"": 0.094119, ""required_mm"": 0.1}, {""object"": ""pad U3.5"", ""gap_mm"": 0.075, ""required_mm"": 0.1}]","[{""object"": ""zone 76030032-4582-4478-b113-e25529c5fe3e"", ""gap_mm"": 0.065145, ""required_mm"": 0.1}]","[""133e8530-e2eb-4c1e-97a5-363267cb7a2b"", ""dbf2ae00-ad1d-4299-a8d6-47c03ff1044c""]",Inspect the overlapping copper join before editing widths; this is not a simple endpoint transition.
W109,overlap_topology_review,+3.3V,F.Cu,15.66875,24.85625,0.3,0.4,copper_overlap,0.070711,"[""pad U3.6""]","[{""object"": ""track a8e4a2d1-7a14-42b3-aab1-644181c94a78"", ""gap_mm"": 0.087311, ""required_mm"": 0.1}, {""object"": ""pad U3.5"", ""gap_mm"": 0.075, ""required_mm"": 0.1}]","[{""object"": ""zone 76030032-4582-4478-b113-e25529c5fe3e"", ""gap_mm"": 0.0755, ""required_mm"": 0.1}]","[""0bf0f774-4caa-4a64-bfc3-3e81eb402d14"", ""c4ecb65e-2675-444f-a251-519c177fb4d7""]",Inspect the overlapping copper join before editing widths; this is not a simple endpoint transition.
W110,overlap_topology_review,+3.3V,F.Cu,15.66875,24.85625,0.3,0.4,copper_overlap,0.070711,"[""pad U3.6""]","[{""object"": ""track a8e4a2d1-7a14-42b3-aab1-644181c94a78"", ""gap_mm"": 0.087311, ""required_mm"": 0.1}, {""object"": ""pad U3.5"", ""gap_mm"": 0.075, ""required_mm"": 0.1}]","[{""object"": ""zone 76030032-4582-4478-b113-e25529c5fe3e"", ""gap_mm"": 0.0755, ""required_mm"": 0.1}]","[""0bf0f774-4caa-4a64-bfc3-3e81eb402d14"", ""fbcbc6ff-a856-411d-bb3e-18851b0dfb59""]",Inspect the overlapping copper join before editing widths; this is not a simple endpoint transition.
W111,overlap_topology_review,+3.3V,F.Cu,15.66875,24.85625,0.3,0.4,copper_overlap,0.141421,"[""pad U3.6""]","[{""object"": ""track a8e4a2d1-7a14-42b3-aab1-644181c94a78"", ""gap_mm"": 0.087311, ""required_mm"": 0.1}, {""object"": ""pad U3.5"", ""gap_mm"": 0.075, ""required_mm"": 0.1}]","[{""object"": ""zone 76030032-4582-4478-b113-e25529c5fe3e"", ""gap_mm"": 0.0755, ""required_mm"": 0.1}]","[""f2ba0ebc-b89f-4fa3-ae6d-051e850ec4fe"", ""fbcbc6ff-a856-411d-bb3e-18851b0dfb59""]",Inspect the overlapping copper join before editing widths; this is not a simple endpoint transition.
W112,overlap_topology_review,+3.3V,F.Cu,15.675,24.8625,0.3,0.4,copper_overlap,0.075,"[""pad U3.6""]","[{""object"": ""track a8e4a2d1-7a14-42b3-aab1-644181c94a78"", ""gap_mm"": 0.094119, ""required_mm"": 0.1}, {""object"": ""pad U3.5"", ""gap_mm"": 0.075, ""required_mm"": 0.1}]","[{""object"": ""zone 76030032-4582-4478-b113-e25529c5fe3e"", ""gap_mm"": 0.065145, ""required_mm"": 0.1}]","[""133e8530-e2eb-4c1e-97a5-363267cb7a2b"", ""830dac8a-1cbd-4119-875b-aa3b249119ca""]",Inspect the overlapping copper join before editing widths; this is not a simple endpoint transition.
W113,overlap_topology_review,+3.3V,F.Cu,15.675,24.8625,0.3,0.4,copper_overlap,0.1,"[""pad U3.6""]","[{""object"": ""track a8e4a2d1-7a14-42b3-aab1-644181c94a78"", ""gap_mm"": 0.087311, ""required_mm"": 0.1}, {""object"": ""pad U3.5"", ""gap_mm"": 0.075, ""required_mm"": 0.1}]","[{""object"": ""zone 76030032-4582-4478-b113-e25529c5fe3e"", ""gap_mm"": 0.065145, ""required_mm"": 0.1}]","[""4384b4f2-b77d-4d74-bc1c-146b589a7fc0"", ""dbf2ae00-ad1d-4299-a8d6-47c03ff1044c""]",Inspect the overlapping copper join before editing widths; this is not a simple endpoint transition.
W114,overlap_topology_review,+3.3V,F.Cu,15.675,24.875,0.3,0.4,copper_overlap,0.1,"[""pad U3.6""]","[{""object"": ""track a8e4a2d1-7a14-42b3-aab1-644181c94a78"", ""gap_mm"": 0.087311, ""required_mm"": 0.1}, {""object"": ""pad U3.5"", ""gap_mm"": 0.075, ""required_mm"": 0.1}]","[{""object"": ""zone 76030032-4582-4478-b113-e25529c5fe3e"", ""gap_mm"": 0.065145, ""required_mm"": 0.1}]","[""4384b4f2-b77d-4d74-bc1c-146b589a7fc0"", ""830dac8a-1cbd-4119-875b-aa3b249119ca""]",Inspect the overlapping copper join before editing widths; this is not a simple endpoint transition.
W115,overlap_topology_review,+3.3V,F.Cu,15.69375,24.88125,0.3,0.4,copper_overlap,0.141421,"[""pad U3.6""]","[{""object"": ""track a8e4a2d1-7a14-42b3-aab1-644181c94a78"", ""gap_mm"": 0.087311, ""required_mm"": 0.1}, {""object"": ""pad U3.5"", ""gap_mm"": 0.075, ""required_mm"": 0.1}]","[{""object"": ""zone 76030032-4582-4478-b113-e25529c5fe3e"", ""gap_mm"": 0.0755, ""required_mm"": 0.1}]","[""c4ecb65e-2675-444f-a251-519c177fb4d7"", ""f2ba0ebc-b89f-4fa3-ae6d-051e850ec4fe""]",Inspect the overlapping copper join before editing widths; this is not a simple endpoint transition.
W116,overlap_topology_review,+3.3V,F.Cu,15.7,24.8875,0.3,0.4,copper_overlap,0.070711,"[""pad U3.6""]","[{""object"": ""track a8e4a2d1-7a14-42b3-aab1-644181c94a78"", ""gap_mm"": 0.094119, ""required_mm"": 0.1}, {""object"": ""pad U3.5"", ""gap_mm"": 0.075, ""required_mm"": 0.1}]","[{""object"": ""zone 76030032-4582-4478-b113-e25529c5fe3e"", ""gap_mm"": 0.0755, ""required_mm"": 0.1}]","[""0358ecbd-b91b-4207-8cee-1d18262dea0b"", ""830dac8a-1cbd-4119-875b-aa3b249119ca""]",Inspect the overlapping copper join before editing widths; this is not a simple endpoint transition.
W117,overlap_topology_review,+3.3V,F.Cu,15.675,24.9,0.3,0.4,copper_overlap,0.687132,"[""pad U3.6""]","[{""object"": ""track a8e4a2d1-7a14-42b3-aab1-644181c94a78"", ""gap_mm"": 0.075, ""required_mm"": 0.1}, {""object"": ""pad U3.5"", ""gap_mm"": 0.075, ""required_mm"": 0.1}, {""object"": ""track 0c51e033-e3ea-4f66-b50c-06bf246a6f8d"", ""gap_mm"": 0.056586, ""required_mm"": 0.1}]","[{""object"": ""zone 76030032-4582-4478-b113-e25529c5fe3e"", ""gap_mm"": 0.0505, ""required_mm"": 0.1}]","[""830dac8a-1cbd-4119-875b-aa3b249119ca"", ""c88f44c1-7501-4883-81cb-096c19b21902""]",Inspect the overlapping copper join before editing widths; this is not a simple endpoint transition.
W118,overlap_topology_review,+3.3V,F.Cu,15.675,24.9,0.3,0.4,copper_overlap,0.687132,"[""pad U3.6""]","[{""object"": ""track a8e4a2d1-7a14-42b3-aab1-644181c94a78"", ""gap_mm"": 0.075, ""required_mm"": 0.1}, {""object"": ""pad U3.5"", ""gap_mm"": 0.075, ""required_mm"": 0.1}, {""object"": ""track 0c51e033-e3ea-4f66-b50c-06bf246a6f8d"", ""gap_mm"": 0.056586, ""required_mm"": 0.1}]","[{""object"": ""zone 76030032-4582-4478-b113-e25529c5fe3e"", ""gap_mm"": 0.0505, ""required_mm"": 0.1}]","[""c88f44c1-7501-4883-81cb-096c19b21902"", ""dbf2ae00-ad1d-4299-a8d6-47c03ff1044c""]",Inspect the overlapping copper join before editing widths; this is not a simple endpoint transition.
W119,overlap_topology_review,+3.3V,F.Cu,15.675,25.0625,0.3,0.4,copper_overlap,0.687132,"[""pad U3.6"", ""via 3c688628-1d31-47c2-bf64-0808f6d1b16c""]","[{""object"": ""track a8e4a2d1-7a14-42b3-aab1-644181c94a78"", ""gap_mm"": 0.075, ""required_mm"": 0.1}, {""object"": ""pad U3.5"", ""gap_mm"": 0.075, ""required_mm"": 0.1}, {""object"": ""track 0c51e033-e3ea-4f66-b50c-06bf246a6f8d"", ""gap_mm"": 0.056586, ""required_mm"": 0.1}]","[{""object"": ""zone 76030032-4582-4478-b113-e25529c5fe3e"", ""gap_mm"": 0.0505, ""required_mm"": 0.1}]","[""dbf2ae00-ad1d-4299-a8d6-47c03ff1044c"", ""eb1fbcee-b8f7-4895-8aa1-a2832499ca75""]",Inspect the overlapping copper join before editing widths; this is not a simple endpoint transition.
W120,overlap_topology_review,+3.3V,F.Cu,15.7,25.0875,0.3,0.4,copper_overlap,0.687132,"[""pad U3.6"", ""via 3c688628-1d31-47c2-bf64-0808f6d1b16c""]","[{""object"": ""track a8e4a2d1-7a14-42b3-aab1-644181c94a78"", ""gap_mm"": 0.075, ""required_mm"": 0.1}, {""object"": ""pad U3.5"", ""gap_mm"": 0.075, ""required_mm"": 0.1}, {""object"": ""track 0c51e033-e3ea-4f66-b50c-06bf246a6f8d"", ""gap_mm"": 0.056586, ""required_mm"": 0.1}]","[{""object"": ""zone 76030032-4582-4478-b113-e25529c5fe3e"", ""gap_mm"": 0.0505, ""required_mm"": 0.1}]","[""830dac8a-1cbd-4119-875b-aa3b249119ca"", ""eb1fbcee-b8f7-4895-8aa1-a2832499ca75""]",Inspect the overlapping copper join before editing widths; this is not a simple endpoint transition.
W121,overlap_topology_review,+3.3V,F.Cu,12.25,33.185,0.25,0.4,copper_overlap,0.725,[],"[{""object"": ""via 4b386c5b-0373-492b-9162-66a3ff590934"", ""gap_mm"": 0.03, ""required_mm"": 0.1}]","[{""object"": ""zone 76030032-4582-4478-b113-e25529c5fe3e"", ""gap_mm"": 0.0255, ""required_mm"": 0.1}]","[""0bf4d4ec-e4c5-40f6-97b3-481190c83370"", ""32b01eed-d7c3-4936-9d79-905c7e2d6447""]",Inspect the overlapping copper join before editing widths; this is not a simple endpoint transition.
W122,overlap_topology_review,+3.3V,F.Cu,12.225,33.199999,0.25,0.4,copper_overlap,0.725,[],"[{""object"": ""via 4b386c5b-0373-492b-9162-66a3ff590934"", ""gap_mm"": 0.03, ""required_mm"": 0.1}]","[{""object"": ""zone 76030032-4582-4478-b113-e25529c5fe3e"", ""gap_mm"": 0.0255, ""required_mm"": 0.1}]","[""32b01eed-d7c3-4936-9d79-905c7e2d6447"", ""93825af3-f365-414c-8512-2fa25e898264""]",Inspect the overlapping copper join before editing widths; this is not a simple endpoint transition.
W123,overlap_topology_review,+3.3V,F.Cu,7.7322,34.5476,0.1,0.2,copper_overlap,1.53995,"[""pad C48.1""]","[{""object"": ""pad SJ1.2"", ""gap_mm"": 0.075, ""required_mm"": 0.1}, {""object"": ""pad SJ1.3"", ""gap_mm"": 0.075, ""required_mm"": 0.1}, {""object"": ""via 73571995-cbf2-4ce4-b487-be077b9cc435"", ""gap_mm"": 0.075, ""required_mm"": 0.1}]",[],"[""390ef521-138c-482e-a9f7-8f8e3ec6d593"", ""86f8c49a-c0ae-4a1f-9163-13eb4d5bf07f""]",Inspect the overlapping copper join before editing widths; this is not a simple endpoint transition.
W124,overlap_topology_review,+3.3V,F.Cu,8.2375,36.325,0.1,0.4,copper_overlap,1.223528,"[""pad U2.22""]","[{""object"": ""pad U2.23"", ""gap_mm"": 0.0, ""required_mm"": 0.1}, {""object"": ""track 6cf4e8b5-4f66-46f2-ab77-b527f596a957"", ""gap_mm"": 0.0, ""required_mm"": 0.1}, {""object"": ""track 00a58d13-5480-4411-8f9d-fe6cb53df2b3"", ""gap_mm"": 0.0, ""required_mm"": 0.1}, {""object"": ""track 47299f60-cd60-48c8-b250-37138a606504"", ""gap_mm"": 0.025, ""required_mm"": 0.1}]",[],"[""49a96588-e8ee-41e5-829b-05e823518f82"", ""eead542b-573e-4a3c-b490-6cc3f37f126e""]",Inspect the overlapping copper join before editing widths; this is not a simple endpoint transition.
W125,overlap_topology_review,+3.3V,F.Cu,13.86875,42.21875,0.1,0.2,copper_overlap,3.160229,"[""pad U2.1""]","[{""object"": ""via a3159c4a-d259-486d-9a24-dbcd1a0c1255"", ""gap_mm"": 0.071734, ""required_mm"": 0.1}, {""object"": ""track a7d53fc6-860b-4fa2-b9d4-fc7afc42f54c"", ""gap_mm"": 0.05, ""required_mm"": 0.1}, {""object"": ""track 8a68faa2-e40b-481e-88a3-3b98fea640fe"", ""gap_mm"": 0.05, ""required_mm"": 0.1}]","[{""object"": ""zone 76030032-4582-4478-b113-e25529c5fe3e"", ""gap_mm"": 0.050499, ""required_mm"": 0.1}]","[""79da0a7b-035b-45d3-a8ff-cb176da04105"", ""987b2137-9f15-4460-acb8-23b115eecaf7""]",Inspect the overlapping copper join before editing widths; this is not a simple endpoint transition.
W126,overlap_topology_review,+3.3V,F.Cu,13.8375,42.25,0.1,0.2,copper_overlap,3.160229,"[""pad U2.1""]","[{""object"": ""via a3159c4a-d259-486d-9a24-dbcd1a0c1255"", ""gap_mm"": 0.071734, ""required_mm"": 0.1}, {""object"": ""track a7d53fc6-860b-4fa2-b9d4-fc7afc42f54c"", ""gap_mm"": 0.05, ""required_mm"": 0.1}, {""object"": ""track 8a68faa2-e40b-481e-88a3-3b98fea640fe"", ""gap_mm"": 0.05, ""required_mm"": 0.1}]","[{""object"": ""zone 76030032-4582-4478-b113-e25529c5fe3e"", ""gap_mm"": 0.050499, ""required_mm"": 0.1}]","[""987b2137-9f15-4460-acb8-23b115eecaf7"", ""d5730c9f-7df4-435c-a721-8f8cbec2a067""]",Inspect the overlapping copper join before editing widths; this is not a simple endpoint transition.
W127,overlap_topology_review,+3.3V,F.Cu,14.2375,43.7125,0.15,0.4,copper_overlap,0.318198,"[""pad D1.P$1"", ""via 57d7557e-9e4a-4c03-a855-4da3cda5c4d8""]","[{""object"": ""pad D1.P$4"", ""gap_mm"": 0.0, ""required_mm"": 0.1}, {""object"": ""pad D1.P$3"", ""gap_mm"": 0.03038, ""required_mm"": 0.1}]",[],"[""710f5547-603a-47dd-adad-0a1a31b92567"", ""beb0a547-3e5d-496d-88d8-a33bb560269f""]",Inspect the overlapping copper join before editing widths; this is not a simple endpoint transition.
W128,overlap_topology_review,+3.3V,F.Cu,14.2,43.7375,0.15,0.4,copper_overlap,0.318198,"[""pad D1.P$1"", ""via 57d7557e-9e4a-4c03-a855-4da3cda5c4d8""]","[{""object"": ""pad D1.P$4"", ""gap_mm"": 0.0, ""required_mm"": 0.1}, {""object"": ""pad D1.P$3"", ""gap_mm"": 0.03038, ""required_mm"": 0.1}]",[],"[""4a4fdd32-407a-4332-8d2b-6915c145b524"", ""710f5547-603a-47dd-adad-0a1a31b92567""]",Inspect the overlapping copper join before editing widths; this is not a simple endpoint transition.
W129,overlap_topology_review,+3.3V,F.Cu,14.2125,43.7375,0.15,0.4,copper_overlap,0.318198,"[""pad D1.P$1"", ""via 57d7557e-9e4a-4c03-a855-4da3cda5c4d8""]","[{""object"": ""pad D1.P$4"", ""gap_mm"": 0.0, ""required_mm"": 0.1}, {""object"": ""pad D1.P$3"", ""gap_mm"": 0.03038, ""required_mm"": 0.1}]",[],"[""033383cf-b9dd-4b20-bc3b-85173580e284"", ""710f5547-603a-47dd-adad-0a1a31b92567""]",Inspect the overlapping copper join before editing widths; this is not a simple endpoint transition.
W130,overlap_topology_review,+3.3V,F.Cu,14.1875,43.75,0.15,0.4,copper_overlap,0.318198,"[""pad D1.P$1"", ""via 57d7557e-9e4a-4c03-a855-4da3cda5c4d8""]","[{""object"": ""pad D1.P$4"", ""gap_mm"": 0.0, ""required_mm"": 0.1}, {""object"": ""pad D1.P$3"", ""gap_mm"": 0.03038, ""required_mm"": 0.1}]",[],"[""64fa98f9-6272-4a69-8cb6-bdba1dee4b3e"", ""710f5547-603a-47dd-adad-0a1a31b92567""]",Inspect the overlapping copper join before editing widths; this is not a simple endpoint transition.
W131,overlap_topology_review,ESP_VDD3P3,F.Cu,11.675,10.675,0.1,0.25,copper_overlap,1.15,"[""pad C35.1""]","[{""object"": ""pad L3.1"", ""gap_mm"": 0.06045, ""required_mm"": 0.1}]","[{""object"": ""zone 76030032-4582-4478-b113-e25529c5fe3e"", ""gap_mm"": 0.0255, ""required_mm"": 0.1}]","[""2b9e829c-ba18-4618-ba0b-115e21e84012"", ""7f1ee53b-829e-4e3e-996e-008169a57ad3""]",Inspect the overlapping copper join before editing widths; this is not a simple endpoint transition.
W132,overlap_topology_review,ESP_VDD3P3,F.Cu,18.0025,10.925,0.2,0.25,copper_overlap,8.887853,[],"[{""object"": ""pad R22.1"", ""gap_mm"": 0.08495, ""required_mm"": 0.1}, {""object"": ""via e128b6fe-f854-4b47-82fe-e2759cc05e3f"", ""gap_mm"": 0.08, ""required_mm"": 0.1}, {""object"": ""pad L1.1"", ""gap_mm"": 0.075211, ""required_mm"": 0.1}, {""object"": ""pad L3.2"", ""gap_mm"": 0.0796, ""required_mm"": 0.1}, {""object"": ""pad L3.1"", ""gap_mm"": 0.0796, ""required_mm"": 0.1}, {""object"": ""track a85e8c30-1f3d-4fa0-8348-ff209ff313b7"", ""gap_mm"": 0.085876, ""required_mm"": 0.1}, {""object"": ""via 32141843-2452-4ebb-820d-46620f78dfbb"", ""gap_mm"": 0.078553, ""required_mm"": 0.1}]","[{""object"": ""zone 76030032-4582-4478-b113-e25529c5fe3e"", ""gap_mm"": 0.0755, ""required_mm"": 0.1}]","[""1325266b-96e5-49ee-bd82-fbf511640759"", ""1733a48f-7bf7-42a6-ab6c-9e53b7e274f6""]",Inspect the overlapping copper join before editing widths; this is not a simple endpoint transition.
W133,overlap_topology_review,FPGA_VCCIO0,F.Cu,3.7226,40.75,0.1,0.15,copper_overlap,3.113697,[],"[{""object"": ""via 3b18a63f-68e8-4fc7-af82-358083e0bcf0"", ""gap_mm"": 0.08, ""required_mm"": 0.1}]","[{""object"": ""zone 76030032-4582-4478-b113-e25529c5fe3e"", ""gap_mm"": 0.0755, ""required_mm"": 0.1}]","[""e201305d-5fa2-4e5a-a857-97313e82ceef"", ""e8bb8deb-87e0-4343-b280-ff4096d06489""]",Inspect the overlapping copper join before editing widths; this is not a simple endpoint transition.
W134,overlap_topology_review,FPGA_VCCIO0,F.Cu,4.7846,40.775,0.1,0.2,copper_overlap,3.113697,"[""pad C46.1""]","[{""object"": ""track d1dc0a1e-b56e-45d5-9233-0c47b4bce818"", ""gap_mm"": 0.075, ""required_mm"": 0.1}, {""object"": ""via 3b18a63f-68e8-4fc7-af82-358083e0bcf0"", ""gap_mm"": 0.055, ""required_mm"": 0.1}, {""object"": ""pad C46.2"", ""gap_mm"": 0.08545, ""required_mm"": 0.1}]","[{""object"": ""zone 76030032-4582-4478-b113-e25529c5fe3e"", ""gap_mm"": 0.0505, ""required_mm"": 0.1}]","[""2e249688-455f-4696-b856-02a73b412c5d"", ""e8bb8deb-87e0-4343-b280-ff4096d06489""]",Inspect the overlapping copper join before editing widths; this is not a simple endpoint transition.
W135,overlap_topology_review,FPGA_VCCIO0,F.Cu,5.375,40.775,0.1,0.2,copper_overlap,3.113697,[],"[{""object"": ""track d1dc0a1e-b56e-45d5-9233-0c47b4bce818"", ""gap_mm"": 0.075, ""required_mm"": 0.1}, {""object"": ""via 3b18a63f-68e8-4fc7-af82-358083e0bcf0"", ""gap_mm"": 0.055, ""required_mm"": 0.1}, {""object"": ""pad C46.2"", ""gap_mm"": 0.08545, ""required_mm"": 0.1}]","[{""object"": ""zone 76030032-4582-4478-b113-e25529c5fe3e"", ""gap_mm"": 0.0505, ""required_mm"": 0.1}]","[""ce49a44b-41ba-47b7-8747-bba1065628f8"", ""e8bb8deb-87e0-4343-b280-ff4096d06489""]",Inspect the overlapping copper join before editing widths; this is not a simple endpoint transition.
W136,overlap_topology_review,FPGA_VCCIO0,F.Cu,6.0702,40.8,0.1,0.2,copper_overlap,3.113697,"[""pad U2.33""]","[{""object"": ""track d1dc0a1e-b56e-45d5-9233-0c47b4bce818"", ""gap_mm"": 0.075, ""required_mm"": 0.1}, {""object"": ""via 3b18a63f-68e8-4fc7-af82-358083e0bcf0"", ""gap_mm"": 0.055, ""required_mm"": 0.1}, {""object"": ""pad C46.2"", ""gap_mm"": 0.08545, ""required_mm"": 0.1}]","[{""object"": ""zone 76030032-4582-4478-b113-e25529c5fe3e"", ""gap_mm"": 0.0505, ""required_mm"": 0.1}]","[""04d7849b-7f2d-42da-be96-8edd8f0e28f6"", ""4d70c820-c2bf-4c9e-9814-675329155028""]",Inspect the overlapping copper join before editing widths; this is not a simple endpoint transition.
W137,overlap_topology_review,FPGA_VCCIO0,F.Cu,5.5375,40.8375,0.1,0.2,copper_overlap,3.113697,[],"[{""object"": ""track d1dc0a1e-b56e-45d5-9233-0c47b4bce818"", ""gap_mm"": 0.075, ""required_mm"": 0.1}, {""object"": ""via 3b18a63f-68e8-4fc7-af82-358083e0bcf0"", ""gap_mm"": 0.055, ""required_mm"": 0.1}, {""object"": ""pad C46.2"", ""gap_mm"": 0.08545, ""required_mm"": 0.1}]","[{""object"": ""zone 76030032-4582-4478-b113-e25529c5fe3e"", ""gap_mm"": 0.0505, ""required_mm"": 0.1}]","[""4a2a9bdc-00f8-4d40-b266-75e1f2ae8d40"", ""5eaf5e92-0f1b-4fd5-be96-4007bf2ce4fd""]",Inspect the overlapping copper join before editing widths; this is not a simple endpoint transition.
W138,overlap_topology_review,FPGA_VCCIO0,F.Cu,5.95,40.8601,0.1,0.2,copper_overlap,3.113697,"[""pad U2.33""]","[{""object"": ""track d1dc0a1e-b56e-45d5-9233-0c47b4bce818"", ""gap_mm"": 0.075, ""required_mm"": 0.1}, {""object"": ""via 3b18a63f-68e8-4fc7-af82-358083e0bcf0"", ""gap_mm"": 0.055, ""required_mm"": 0.1}, {""object"": ""pad C46.2"", ""gap_mm"": 0.08545, ""required_mm"": 0.1}]","[{""object"": ""zone 76030032-4582-4478-b113-e25529c5fe3e"", ""gap_mm"": 0.0505, ""required_mm"": 0.1}]","[""04d7849b-7f2d-42da-be96-8edd8f0e28f6"", ""258132fe-5c07-4c91-95be-39cfc50c2537""]",Inspect the overlapping copper join before editing widths; this is not a simple endpoint transition.
W139,overlap_topology_review,FPGA_VCCIO0,F.Cu,5.5875,40.8875,0.1,0.2,copper_overlap,3.113697,[],"[{""object"": ""track d1dc0a1e-b56e-45d5-9233-0c47b4bce818"", ""gap_mm"": 0.075, ""required_mm"": 0.1}, {""object"": ""via 3b18a63f-68e8-4fc7-af82-358083e0bcf0"", ""gap_mm"": 0.055, ""required_mm"": 0.1}, {""object"": ""pad C46.2"", ""gap_mm"": 0.08545, ""required_mm"": 0.1}]","[{""object"": ""zone 76030032-4582-4478-b113-e25529c5fe3e"", ""gap_mm"": 0.0505, ""required_mm"": 0.1}]","[""04d7849b-7f2d-42da-be96-8edd8f0e28f6"", ""5eaf5e92-0f1b-4fd5-be96-4007bf2ce4fd""]",Inspect the overlapping copper join before editing widths; this is not a simple endpoint transition.
W140,overlap_topology_review,GND,B.Cu,13.1,39.125,0.1,0.2,copper_overlap,0.670711,"[""pad J2.3""]","[{""object"": ""pad J2.2"", ""gap_mm"": 0.05, ""required_mm"": 0.1}]",[],"[""3fd4c4ad-7507-4c69-adb1-0f40ee10f1ae"", ""98153eae-0024-4938-a3e6-e34c1bfffba3""]",Inspect the overlapping copper join before editing widths; this is not a simple endpoint transition.
W141,overlap_topology_review,GND,B.Cu,13.1,39.175,0.1,0.2,copper_overlap,0.670711,"[""pad J2.3""]","[{""object"": ""pad J2.2"", ""gap_mm"": 0.05, ""required_mm"": 0.1}]",[],"[""3fd4c4ad-7507-4c69-adb1-0f40ee10f1ae"", ""44e346ce-99b6-4457-9dbd-15a5889d71f3""]",Inspect the overlapping copper join before editing widths; this is not a simple endpoint transition.
W142,overlap_topology_review,GND,B.Cu,10.725,39.3375,0.1,0.15,copper_overlap,0.459619,[],"[{""object"": ""track e6f2f6da-31a9-4c69-9d78-e7353ef60b48"", ""gap_mm"": 0.075, ""required_mm"": 0.1}]",[],"[""3cca13e7-5066-43ba-b509-b9af703dc690"", ""6a132136-311d-4c2d-9313-7af69219d9ad""]",Inspect the overlapping copper join before editing widths; this is not a simple endpoint transition.
W143,overlap_topology_review,GND,B.Cu,10.725,39.3375,0.1,0.15,copper_overlap,0.484619,[],"[{""object"": ""track ad4a5e25-3ae6-446e-a1ad-9c9199be8ba1"", ""gap_mm"": 0.075, ""required_mm"": 0.1}, {""object"": ""track fb8bd343-ea94-4aca-b160-b1038518e06c"", ""gap_mm"": 0.075, ""required_mm"": 0.1}, {""object"": ""track 7837d937-d90d-4240-aabf-b84394e38619"", ""gap_mm"": 0.087132, ""required_mm"": 0.1}]",[],"[""3cca13e7-5066-43ba-b509-b9af703dc690"", ""9fbcb8a6-fad1-4ddc-b1ba-17b22a6ba05d""]",Inspect the overlapping copper join before editing widths; this is not a simple endpoint transition.
W144,overlap_topology_review,GND,B.Cu,10.725,39.35,0.1,0.15,copper_overlap,0.484619,[],"[{""object"": ""track ad4a5e25-3ae6-446e-a1ad-9c9199be8ba1"", ""gap_mm"": 0.075, ""required_mm"": 0.1}, {""object"": ""track fb8bd343-ea94-4aca-b160-b1038518e06c"", ""gap_mm"": 0.075, ""required_mm"": 0.1}, {""object"": ""track 7837d937-d90d-4240-aabf-b84394e38619"", ""gap_mm"": 0.087132, ""required_mm"": 0.1}]",[],"[""082ff6f0-d0c5-447c-9850-21ffa0fc0c3f"", ""3cca13e7-5066-43ba-b509-b9af703dc690""]",Inspect the overlapping copper join before editing widths; this is not a simple endpoint transition.
W145,overlap_topology_review,GND,B.Cu,10.725,39.3875,0.1,0.15,copper_overlap,0.484619,[],"[{""object"": ""track ad4a5e25-3ae6-446e-a1ad-9c9199be8ba1"", ""gap_mm"": 0.075, ""required_mm"": 0.1}, {""object"": ""track fb8bd343-ea94-4aca-b160-b1038518e06c"", ""gap_mm"": 0.075, ""required_mm"": 0.1}, {""object"": ""track 7837d937-d90d-4240-aabf-b84394e38619"", ""gap_mm"": 0.087132, ""required_mm"": 0.1}]",[],"[""082ff6f0-d0c5-447c-9850-21ffa0fc0c3f"", ""99b6ede0-ef80-4916-b40c-457a2596a6fa""]",Inspect the overlapping copper join before editing widths; this is not a simple endpoint transition.
W146,overlap_topology_review,GND,B.Cu,12.875,39.4875,0.2,0.25,copper_overlap,0.568198,[],"[{""object"": ""pad J2.2"", ""gap_mm"": 0.085, ""required_mm"": 0.1}]",[],"[""3cae1169-fff2-4a52-84c4-9c38b23df04e"", ""44e346ce-99b6-4457-9dbd-15a5889d71f3""]",Inspect the overlapping copper join before editing widths; this is not a simple endpoint transition.
W147,overlap_topology_review,GND,F.Cu,17.225,15.7375,0.15,0.25,copper_overlap,0.671751,"[""pad Y1.GND-B""]","[{""object"": ""track 593dcb02-9008-4763-8d34-e989d22f4f8e"", ""gap_mm"": 0.075, ""required_mm"": 0.1}]",[],"[""0894003a-6897-4a78-934d-cec2be879c9a"", ""24c2b684-67cd-4ae3-afc8-34a710a5c29c""]",Inspect the overlapping copper join before editing widths; this is not a simple endpoint transition.
W148,overlap_topology_review,GND,F.Cu,17.2125,15.75,0.15,0.25,copper_overlap,0.671751,"[""pad Y1.GND-B""]","[{""object"": ""track 593dcb02-9008-4763-8d34-e989d22f4f8e"", ""gap_mm"": 0.075, ""required_mm"": 0.1}]",[],"[""0894003a-6897-4a78-934d-cec2be879c9a"", ""ba49abec-3070-431c-97d5-b15073dbe955""]",Inspect the overlapping copper join before editing widths; this is not a simple endpoint transition.
W149,overlap_topology_review,GND,F.Cu,17.2125,15.7625,0.15,0.25,copper_overlap,0.671751,"[""pad Y1.GND-B""]","[{""object"": ""track 593dcb02-9008-4763-8d34-e989d22f4f8e"", ""gap_mm"": 0.075, ""required_mm"": 0.1}]",[],"[""04d2538a-be43-4ec7-a563-dc43ce30b3f3"", ""0894003a-6897-4a78-934d-cec2be879c9a""]",Inspect the overlapping copper join before editing widths; this is not a simple endpoint transition.
W150,overlap_topology_review,GND,F.Cu,17.1875,15.7875,0.15,0.25,copper_overlap,0.671751,"[""pad Y1.GND-B""]","[{""object"": ""track 593dcb02-9008-4763-8d34-e989d22f4f8e"", ""gap_mm"": 0.075, ""required_mm"": 0.1}]",[],"[""0894003a-6897-4a78-934d-cec2be879c9a"", ""1a9de834-f86c-470a-89b0-dfcf06990055""]",Inspect the overlapping copper join before editing widths; this is not a simple endpoint transition.
W151,overlap_topology_review,GND,F.Cu,19.475,16.2,0.2,0.25,copper_overlap,0.544975,[],"[{""object"": ""pad Y1.OUT/IN"", ""gap_mm"": 0.090091, ""required_mm"": 0.1}]",[],"[""3cd6e990-1d4b-4d85-b81c-510ef47cb569"", ""8c848de0-1d0f-4b9e-badd-dd60c30c383b""]",Inspect the overlapping copper join before editing widths; this is not a simple endpoint transition.
W152,overlap_topology_review,GND,F.Cu,19.4625,16.225,0.2,0.25,copper_overlap,0.544975,[],"[{""object"": ""pad Y1.OUT/IN"", ""gap_mm"": 0.090091, ""required_mm"": 0.1}]",[],"[""54f9072c-a614-4565-8c5c-b2f7f760fa69"", ""a25ed502-f7c0-4d65-ae1e-7e2351a2ce4f""]",Inspect the overlapping copper join before editing widths; this is not a simple endpoint transition.
W153,overlap_topology_review,GND,F.Cu,19.4625,16.2375,0.2,0.25,copper_overlap,0.544975,[],"[{""object"": ""pad Y1.OUT/IN"", ""gap_mm"": 0.090091, ""required_mm"": 0.1}]",[],"[""1bbcf8ad-f911-4220-9668-b23774c1e8be"", ""a25ed502-f7c0-4d65-ae1e-7e2351a2ce4f""]",Inspect the overlapping copper join before editing widths; this is not a simple endpoint transition.
W154,overlap_topology_review,GND,F.Cu,19.45,16.25,0.2,0.25,copper_overlap,0.544975,[],"[{""object"": ""pad Y1.OUT/IN"", ""gap_mm"": 0.090091, ""required_mm"": 0.1}]",[],"[""1bbcf8ad-f911-4220-9668-b23774c1e8be"", ""3cd6e990-1d4b-4d85-b81c-510ef47cb569""]",Inspect the overlapping copper join before editing widths; this is not a simple endpoint transition.
W155,overlap_topology_review,GND,F.Cu,19.175,16.525,0.2,0.25,copper_overlap,0.544975,"[""pad C7.2""]","[{""object"": ""pad Y1.OUT/IN"", ""gap_mm"": 0.090091, ""required_mm"": 0.1}]",[],"[""3cd6e990-1d4b-4d85-b81c-510ef47cb569"", ""c78cb7fb-94ec-43f7-b24c-be1846f461c1""]",Inspect the overlapping copper join before editing widths; this is not a simple endpoint transition.
W156,overlap_topology_review,GND,F.Cu,19.15,16.55,0.2,0.25,copper_overlap,5.183883,"[""pad C7.2""]","[{""object"": ""pad Y1.OUT/IN"", ""gap_mm"": 0.090091, ""required_mm"": 0.1}]",[],"[""1bbcf8ad-f911-4220-9668-b23774c1e8be"", ""924f1d9c-62ce-4de0-afdb-63b40c6fc113""]",Inspect the overlapping copper join before editing widths; this is not a simple endpoint transition.
W157,overlap_topology_review,GND,F.Cu,19.15,16.55,0.2,0.25,copper_overlap,0.7,"[""pad C7.2""]","[{""object"": ""pad Y1.OUT/IN"", ""gap_mm"": 0.090091, ""required_mm"": 0.1}]",[],"[""1bbcf8ad-f911-4220-9668-b23774c1e8be"", ""eb2b3a44-64ad-471b-8c0f-9bc62e2de0dd""]",Inspect the overlapping copper join before editing widths; this is not a simple endpoint transition.
W158,overlap_topology_review,GND,F.Cu,19.15,16.575,0.2,0.25,copper_overlap,0.7,"[""pad C7.2""]","[{""object"": ""pad Y1.OUT/IN"", ""gap_mm"": 0.090091, ""required_mm"": 0.1}]",[],"[""c78cb7fb-94ec-43f7-b24c-be1846f461c1"", ""eb2b3a44-64ad-471b-8c0f-9bc62e2de0dd""]",Inspect the overlapping copper join before editing widths; this is not a simple endpoint transition.
W159,overlap_topology_review,GND,F.Cu,19.15,17.0,0.2,0.25,copper_overlap,5.183883,"[""pad C7.2""]","[{""object"": ""pad Y1.OUT/IN"", ""gap_mm"": 0.090091, ""required_mm"": 0.1}]",[],"[""924f1d9c-62ce-4de0-afdb-63b40c6fc113"", ""c78cb7fb-94ec-43f7-b24c-be1846f461c1""]",Inspect the overlapping copper join before editing widths; this is not a simple endpoint transition.
W160,overlap_topology_review,GND,F.Cu,16.6375,22.9125,0.15,0.25,copper_overlap,2.00533,"[""pad U3.1""]","[{""object"": ""pad U3.2"", ""gap_mm"": 0.05, ""required_mm"": 0.1}, {""object"": ""pad U3.3"", ""gap_mm"": 0.05, ""required_mm"": 0.1}, {""object"": ""track f3b4c344-aba7-4f78-bb5a-d8f7c18674c0"", ""gap_mm"": 0.05, ""required_mm"": 0.1}]",[],"[""d289bb99-7cda-425a-a309-bc6640437031"", ""f803cf5a-7e9f-4232-af82-0d925307aaf5""]",Inspect the overlapping copper join before editing widths; this is not a simple endpoint transition.
W161,overlap_topology_review,GND,F.Cu,16.7125,22.9625,0.15,0.25,copper_overlap,0.035355,"[""pad U3.1""]","[{""object"": ""track f3b4c344-aba7-4f78-bb5a-d8f7c18674c0"", ""gap_mm"": 0.070381, ""required_mm"": 0.1}]",[],"[""32990613-fb35-4ec0-ab27-38a3e34e4cf0"", ""842dd64b-d6b8-4701-9574-bf43697eb43e""]",Inspect the overlapping copper join before editing widths; this is not a simple endpoint transition.
W162,overlap_topology_review,GND,F.Cu,16.6875,23.05,0.15,0.25,copper_overlap,2.00533,"[""pad U3.1""]","[{""object"": ""pad U3.2"", ""gap_mm"": 0.05, ""required_mm"": 0.1}, {""object"": ""pad U3.3"", ""gap_mm"": 0.05, ""required_mm"": 0.1}, {""object"": ""track f3b4c344-aba7-4f78-bb5a-d8f7c18674c0"", ""gap_mm"": 0.05, ""required_mm"": 0.1}]",[],"[""842dd64b-d6b8-4701-9574-bf43697eb43e"", ""d289bb99-7cda-425a-a309-bc6640437031""]",Inspect the overlapping copper join before editing widths; this is not a simple endpoint transition.
W163,overlap_topology_review,VIN_5V,B.Cu,13.8,14.3775,0.2,0.4,copper_overlap,0.8,"[""pad J1.1""]","[{""object"": ""via e01403df-2be0-4644-a730-7a0ac54d009a"", ""gap_mm"": 0.025, ""required_mm"": 0.1}]","[{""object"": ""zone aa06dacb-2313-477a-a0df-796d60632bd7"", ""gap_mm"": 0.030104, ""required_mm"": 0.1}]","[""277c8d73-5fca-45ce-a290-76285610c07c"", ""6c7c7b69-03f0-4c29-91de-f5416eb0881c""]",Inspect the overlapping copper join before editing widths; this is not a simple endpoint transition.
W164,overlap_topology_review,VIN_5V,B.Cu,13.0,15.1775,0.3,0.4,copper_overlap,0.4,"[""pad J1.3""]","[{""object"": ""track b262dd2b-d54a-4a15-85c5-399fbe2cf63e"", ""gap_mm"": 0.075, ""required_mm"": 0.1}]","[{""object"": ""zone aa06dacb-2313-477a-a0df-796d60632bd7"", ""gap_mm"": 0.0505, ""required_mm"": 0.1}]","[""226259e1-0627-4110-a7eb-ef2edef884d3"", ""37684a37-6518-4ecf-ad4d-252c21509aaf""]",Inspect the overlapping copper join before editing widths; this is not a simple endpoint transition.
