Ref,Val,Package,PosX,PosY,Rot,Side
"C1","4.7uF","C_0603_1608Metric",56.000000,134.000000,90.000000,top
"C2","4.7uF","C_0603_1608Metric",64.000000,134.000000,90.000000,top
"C3","100nF","C_0603_1608Metric",84.000000,134.000000,90.000000,top
"C10","100nF","C_0603_1608Metric",12.000000,78.500000,0.000000,top
"C11","100nF","C_0603_1608Metric",49.000000,78.500000,0.000000,top
"C12","100nF","C_0603_1608Metric",12.000000,37.500000,0.000000,top
"C13","100nF","C_0603_1608Metric",49.000000,37.500000,0.000000,top
"C14","100nF","C_0603_1608Metric",96.000000,78.500000,0.000000,top
"C15","100nF","C_0603_1608Metric",133.000000,78.500000,0.000000,top
"C16","100nF","C_0603_1608Metric",96.000000,37.500000,0.000000,top
"C17","100nF","C_0603_1608Metric",133.000000,37.500000,0.000000,top
"C18","100nF","C_0603_1608Metric",122.000000,113.500000,0.000000,top
"D1","GREEN","LED_0603_1608Metric",53.000000,137.000000,180.000000,top
"D2","GREEN","LED_0603_1608Metric",53.000000,130.000000,180.000000,top
"D10","GREEN","LED_0603_1608Metric",25.000000,83.500000,180.000000,top
"D11","GREEN","LED_0603_1608Metric",25.000000,80.500000,180.000000,top
"D12","GREEN","LED_0603_1608Metric",25.000000,77.500000,180.000000,top
"D13","GREEN","LED_0603_1608Metric",25.000000,74.500000,180.000000,top
"D14","GREEN","LED_0603_1608Metric",25.000000,71.500000,180.000000,top
"D15","GREEN","LED_0603_1608Metric",25.000000,68.500000,180.000000,top
"D16","GREEN","LED_0603_1608Metric",25.000000,65.500000,180.000000,top
"D17","GREEN","LED_0603_1608Metric",25.000000,62.500000,180.000000,top
"D18","GREEN","LED_0603_1608Metric",62.000000,83.500000,180.000000,top
"D19","GREEN","LED_0603_1608Metric",62.000000,80.500000,180.000000,top
"D20","GREEN","LED_0603_1608Metric",62.000000,77.500000,180.000000,top
"D21","GREEN","LED_0603_1608Metric",62.000000,74.500000,180.000000,top
"D22","GREEN","LED_0603_1608Metric",62.000000,71.500000,180.000000,top
"D23","GREEN","LED_0603_1608Metric",62.000000,68.500000,180.000000,top
"D24","GREEN","LED_0603_1608Metric",62.000000,65.500000,180.000000,top
"D25","GREEN","LED_0603_1608Metric",62.000000,62.500000,180.000000,top
"D26","GREEN","LED_0603_1608Metric",25.000000,42.500000,180.000000,top
"D27","GREEN","LED_0603_1608Metric",25.000000,39.500000,180.000000,top
"D28","GREEN","LED_0603_1608Metric",25.000000,36.500000,180.000000,top
"D29","GREEN","LED_0603_1608Metric",25.000000,33.500000,180.000000,top
"D30","GREEN","LED_0603_1608Metric",25.000000,30.500000,180.000000,top
"D31","GREEN","LED_0603_1608Metric",25.000000,27.500000,180.000000,top
"D32","GREEN","LED_0603_1608Metric",25.000000,24.500000,180.000000,top
"D33","GREEN","LED_0603_1608Metric",25.000000,21.500000,180.000000,top
"D34","GREEN","LED_0603_1608Metric",62.000000,42.500000,180.000000,top
"D35","GREEN","LED_0603_1608Metric",62.000000,39.500000,180.000000,top
"D36","GREEN","LED_0603_1608Metric",62.000000,36.500000,180.000000,top
"D42","GREEN","LED_0603_1608Metric",109.000000,83.500000,180.000000,top
"D43","GREEN","LED_0603_1608Metric",109.000000,80.500000,180.000000,top
"D44","GREEN","LED_0603_1608Metric",109.000000,77.500000,180.000000,top
"D45","GREEN","LED_0603_1608Metric",109.000000,74.500000,180.000000,top
"D46","GREEN","LED_0603_1608Metric",109.000000,71.500000,180.000000,top
"D47","GREEN","LED_0603_1608Metric",109.000000,68.500000,180.000000,top
"D48","GREEN","LED_0603_1608Metric",109.000000,65.500000,180.000000,top
"D49","GREEN","LED_0603_1608Metric",109.000000,62.500000,180.000000,top
"D50","GREEN","LED_0603_1608Metric",146.000000,83.500000,180.000000,top
"D51","GREEN","LED_0603_1608Metric",146.000000,80.500000,180.000000,top
"D52","GREEN","LED_0603_1608Metric",146.000000,77.500000,180.000000,top
"D53","GREEN","LED_0603_1608Metric",146.000000,74.500000,180.000000,top
"D54","GREEN","LED_0603_1608Metric",146.000000,71.500000,180.000000,top
"D55","GREEN","LED_0603_1608Metric",146.000000,68.500000,180.000000,top
"D56","GREEN","LED_0603_1608Metric",146.000000,65.500000,180.000000,top
"D57","GREEN","LED_0603_1608Metric",146.000000,62.500000,180.000000,top
"D58","GREEN","LED_0603_1608Metric",109.000000,42.500000,180.000000,top
"D59","GREEN","LED_0603_1608Metric",109.000000,39.500000,180.000000,top
"D60","GREEN","LED_0603_1608Metric",109.000000,36.500000,180.000000,top
"D61","GREEN","LED_0603_1608Metric",109.000000,33.500000,180.000000,top
"D62","GREEN","LED_0603_1608Metric",109.000000,30.500000,180.000000,top
"D63","GREEN","LED_0603_1608Metric",109.000000,27.500000,180.000000,top
"D64","GREEN","LED_0603_1608Metric",109.000000,24.500000,180.000000,top
"D65","GREEN","LED_0603_1608Metric",109.000000,21.500000,180.000000,top
"D66","GREEN","LED_0603_1608Metric",146.000000,42.500000,180.000000,top
"D67","GREEN","LED_0603_1608Metric",146.000000,39.500000,180.000000,top
"D68","GREEN","LED_0603_1608Metric",146.000000,36.500000,180.000000,top
"D69","GREEN","LED_0603_1608Metric",146.000000,33.500000,180.000000,top
"D70","GREEN","LED_0603_1608Metric",146.000000,30.500000,180.000000,top
"D71","GREEN","LED_0603_1608Metric",146.000000,27.500000,180.000000,top
"D74","RED","LED_0603_1608Metric",135.000000,118.500000,180.000000,top
"D75","RED","LED_0603_1608Metric",135.000000,115.500000,180.000000,top
"D76","RED","LED_0603_1608Metric",135.000000,112.500000,180.000000,top
"F1","500mA PTC","Fuse_1206_3216Metric",67.000000,138.000000,0.000000,top
"J1","DF40C-40DP-0.4V(51)","J1_Module_v1_Mate",80.000000,119.000000,0.000000,top
"J2","DF40C(2.0)-40DS-0.4V(51)","J2_Module_v1_Mate",80.000000,94.000000,0.000000,top
"J3","USB-C USB2","USB_C_Receptacle_HRO_TYPE-C-31-M-12",80.000000,142.200000,180.000000,top
"R1","5.1kR","R_0603_1608Metric",73.000000,135.000000,90.000000,top
"R2","5.1kR","R_0603_1608Metric",87.000000,135.000000,90.000000,top
"R3","2.2kR","R_0603_1608Metric",50.000000,137.000000,0.000000,top
"R4","1kR","R_0603_1608Metric",50.000000,130.000000,0.000000,top
"R5","1kR","R_0603_1608Metric",115.000000,124.000000,0.000000,top
"R10","1kR","R_0603_1608Metric",21.000000,83.500000,0.000000,top
"R11","1kR","R_0603_1608Metric",21.000000,80.500000,0.000000,top
"R12","1kR","R_0603_1608Metric",21.000000,77.500000,0.000000,top
"R13","1kR","R_0603_1608Metric",21.000000,74.500000,0.000000,top
"R14","1kR","R_0603_1608Metric",21.000000,71.500000,0.000000,top
"R15","1kR","R_0603_1608Metric",21.000000,68.500000,0.000000,top
"R16","1kR","R_0603_1608Metric",21.000000,65.500000,0.000000,top
"R17","1kR","R_0603_1608Metric",21.000000,62.500000,0.000000,top
"R18","1kR","R_0603_1608Metric",58.000000,83.500000,0.000000,top
"R19","1kR","R_0603_1608Metric",58.000000,80.500000,0.000000,top
"R20","1kR","R_0603_1608Metric",58.000000,77.500000,0.000000,top
"R21","1kR","R_0603_1608Metric",58.000000,74.500000,0.000000,top
"R22","1kR","R_0603_1608Metric",58.000000,71.500000,0.000000,top
"R23","1kR","R_0603_1608Metric",58.000000,68.500000,0.000000,top
"R24","1kR","R_0603_1608Metric",58.000000,65.500000,0.000000,top
"R25","1kR","R_0603_1608Metric",58.000000,62.500000,0.000000,top
"R26","1kR","R_0603_1608Metric",21.000000,42.500000,0.000000,top
"R27","1kR","R_0603_1608Metric",21.000000,39.500000,0.000000,top
"R28","1kR","R_0603_1608Metric",21.000000,36.500000,0.000000,top
"R29","1kR","R_0603_1608Metric",21.000000,33.500000,0.000000,top
"R30","1kR","R_0603_1608Metric",21.000000,30.500000,0.000000,top
"R31","1kR","R_0603_1608Metric",21.000000,27.500000,0.000000,top
"R32","1kR","R_0603_1608Metric",21.000000,24.500000,0.000000,top
"R33","1kR","R_0603_1608Metric",21.000000,21.500000,0.000000,top
"R34","1kR","R_0603_1608Metric",58.000000,42.500000,0.000000,top
"R35","1kR","R_0603_1608Metric",58.000000,39.500000,0.000000,top
"R36","1kR","R_0603_1608Metric",58.000000,36.500000,0.000000,top
"R42","1kR","R_0603_1608Metric",105.000000,83.500000,0.000000,top
"R43","1kR","R_0603_1608Metric",105.000000,80.500000,0.000000,top
"R44","1kR","R_0603_1608Metric",105.000000,77.500000,0.000000,top
"R45","1kR","R_0603_1608Metric",105.000000,74.500000,0.000000,top
"R46","1kR","R_0603_1608Metric",105.000000,71.500000,0.000000,top
"R47","1kR","R_0603_1608Metric",105.000000,68.500000,0.000000,top
"R48","1kR","R_0603_1608Metric",105.000000,65.500000,0.000000,top
"R49","1kR","R_0603_1608Metric",105.000000,62.500000,0.000000,top
"R50","1kR","R_0603_1608Metric",142.000000,83.500000,0.000000,top
"R51","1kR","R_0603_1608Metric",142.000000,80.500000,0.000000,top
"R52","1kR","R_0603_1608Metric",142.000000,77.500000,0.000000,top
"R53","1kR","R_0603_1608Metric",142.000000,74.500000,0.000000,top
"R54","1kR","R_0603_1608Metric",142.000000,71.500000,0.000000,top
"R55","1kR","R_0603_1608Metric",142.000000,68.500000,0.000000,top
"R56","1kR","R_0603_1608Metric",142.000000,65.500000,0.000000,top
"R57","1kR","R_0603_1608Metric",142.000000,62.500000,0.000000,top
"R58","1kR","R_0603_1608Metric",105.000000,42.500000,0.000000,top
"R59","1kR","R_0603_1608Metric",105.000000,39.500000,0.000000,top
"R60","1kR","R_0603_1608Metric",105.000000,36.500000,0.000000,top
"R61","1kR","R_0603_1608Metric",105.000000,33.500000,0.000000,top
"R62","1kR","R_0603_1608Metric",105.000000,30.500000,0.000000,top
"R63","1kR","R_0603_1608Metric",105.000000,27.500000,0.000000,top
"R64","1kR","R_0603_1608Metric",105.000000,24.500000,0.000000,top
"R65","1kR","R_0603_1608Metric",105.000000,21.500000,0.000000,top
"R66","1kR","R_0603_1608Metric",142.000000,42.500000,0.000000,top
"R67","1kR","R_0603_1608Metric",142.000000,39.500000,0.000000,top
"R68","1kR","R_0603_1608Metric",142.000000,36.500000,0.000000,top
"R69","1kR","R_0603_1608Metric",142.000000,33.500000,0.000000,top
"R70","1kR","R_0603_1608Metric",142.000000,30.500000,0.000000,top
"R71","1kR","R_0603_1608Metric",142.000000,27.500000,0.000000,top
"R74","1kR","R_0603_1608Metric",131.000000,118.500000,0.000000,top
"R75","1kR","R_0603_1608Metric",131.000000,115.500000,0.000000,top
"R76","1kR","R_0603_1608Metric",131.000000,112.500000,0.000000,top
"R110","100kR","R_0603_1608Metric",5.000000,83.500000,180.000000,top
"R111","100kR","R_0603_1608Metric",5.000000,80.500000,180.000000,top
"R112","100kR","R_0603_1608Metric",5.000000,77.500000,180.000000,top
"R113","100kR","R_0603_1608Metric",5.000000,74.500000,180.000000,top
"R114","100kR","R_0603_1608Metric",5.000000,71.500000,180.000000,top
"R115","100kR","R_0603_1608Metric",5.000000,68.500000,180.000000,top
"R116","100kR","R_0603_1608Metric",5.000000,65.500000,180.000000,top
"R117","100kR","R_0603_1608Metric",5.000000,62.500000,180.000000,top
"R118","100kR","R_0603_1608Metric",42.000000,83.500000,180.000000,top
"R119","100kR","R_0603_1608Metric",42.000000,80.500000,180.000000,top
"R120","100kR","R_0603_1608Metric",42.000000,77.500000,180.000000,top
"R121","100kR","R_0603_1608Metric",42.000000,74.500000,180.000000,top
"R122","100kR","R_0603_1608Metric",42.000000,71.500000,180.000000,top
"R123","100kR","R_0603_1608Metric",42.000000,68.500000,180.000000,top
"R124","100kR","R_0603_1608Metric",42.000000,65.500000,180.000000,top
"R125","100kR","R_0603_1608Metric",42.000000,62.500000,180.000000,top
"R126","100kR","R_0603_1608Metric",5.000000,42.500000,180.000000,top
"R127","100kR","R_0603_1608Metric",5.000000,39.500000,180.000000,top
"R128","100kR","R_0603_1608Metric",5.000000,36.500000,180.000000,top
"R129","100kR","R_0603_1608Metric",5.000000,33.500000,180.000000,top
"R130","100kR","R_0603_1608Metric",5.000000,30.500000,180.000000,top
"R131","100kR","R_0603_1608Metric",5.000000,27.500000,180.000000,top
"R132","100kR","R_0603_1608Metric",5.000000,24.500000,180.000000,top
"R133","100kR","R_0603_1608Metric",5.000000,21.500000,180.000000,top
"R134","100kR","R_0603_1608Metric",42.000000,42.500000,180.000000,top
"R135","100kR","R_0603_1608Metric",42.000000,39.500000,180.000000,top
"R136","100kR","R_0603_1608Metric",42.000000,36.500000,180.000000,top
"R142","100kR","R_0603_1608Metric",89.000000,83.500000,180.000000,top
"R143","100kR","R_0603_1608Metric",89.000000,80.500000,180.000000,top
"R144","100kR","R_0603_1608Metric",89.000000,77.500000,180.000000,top
"R145","100kR","R_0603_1608Metric",89.000000,74.500000,180.000000,top
"R146","100kR","R_0603_1608Metric",89.000000,71.500000,180.000000,top
"R147","100kR","R_0603_1608Metric",89.000000,68.500000,180.000000,top
"R148","100kR","R_0603_1608Metric",89.000000,65.500000,180.000000,top
"R149","100kR","R_0603_1608Metric",89.000000,62.500000,180.000000,top
"R150","100kR","R_0603_1608Metric",126.000000,83.500000,180.000000,top
"R151","100kR","R_0603_1608Metric",126.000000,80.500000,180.000000,top
"R152","100kR","R_0603_1608Metric",126.000000,77.500000,180.000000,top
"R153","100kR","R_0603_1608Metric",126.000000,74.500000,180.000000,top
"R154","100kR","R_0603_1608Metric",126.000000,71.500000,180.000000,top
"R155","100kR","R_0603_1608Metric",126.000000,68.500000,180.000000,top
"R156","100kR","R_0603_1608Metric",126.000000,65.500000,180.000000,top
"R157","100kR","R_0603_1608Metric",126.000000,62.500000,180.000000,top
"R158","100kR","R_0603_1608Metric",89.000000,42.500000,180.000000,top
"R159","100kR","R_0603_1608Metric",89.000000,39.500000,180.000000,top
"R160","100kR","R_0603_1608Metric",89.000000,36.500000,180.000000,top
"R161","100kR","R_0603_1608Metric",89.000000,33.500000,180.000000,top
"R162","100kR","R_0603_1608Metric",89.000000,30.500000,180.000000,top
"R163","100kR","R_0603_1608Metric",89.000000,27.500000,180.000000,top
"R164","100kR","R_0603_1608Metric",89.000000,24.500000,180.000000,top
"R165","100kR","R_0603_1608Metric",89.000000,21.500000,180.000000,top
"R166","100kR","R_0603_1608Metric",126.000000,42.500000,180.000000,top
"R167","100kR","R_0603_1608Metric",126.000000,39.500000,180.000000,top
"R168","100kR","R_0603_1608Metric",126.000000,36.500000,180.000000,top
"R169","100kR","R_0603_1608Metric",126.000000,33.500000,180.000000,top
"R170","100kR","R_0603_1608Metric",126.000000,30.500000,180.000000,top
"R171","100kR","R_0603_1608Metric",126.000000,27.500000,180.000000,top
"R174","100kR","R_0603_1608Metric",115.000000,118.500000,180.000000,top
"R175","100kR","R_0603_1608Metric",115.000000,115.500000,180.000000,top
"R176","100kR","R_0603_1608Metric",115.000000,112.500000,180.000000,top
"SW1","BOOT / RUN","SW_SPDT_CK_JS102011SAQN",45.000000,118.000000,0.000000,top
"SW2","RESET","SW_SPST_TL3342",45.000000,105.000000,0.000000,top
"SW3","GPIO46 INPUT","SW_SPST_TL3342",110.000000,130.000000,0.000000,top
"U1","AP2112K-3.3","SOT-23-5",60.000000,134.000000,0.000000,top
"U2","USBLC6-2SC6","SOT-23-6",80.000000,134.000000,-90.000000,top
"U3","SN74LVC541APWR","TSSOP-20_4.4x6.5mm_P0.65mm",12.000000,73.000000,0.000000,top
"U4","SN74LVC541APWR","TSSOP-20_4.4x6.5mm_P0.65mm",49.000000,73.000000,0.000000,top
"U5","SN74LVC541APWR","TSSOP-20_4.4x6.5mm_P0.65mm",12.000000,32.000000,0.000000,top
"U6","SN74LVC541APWR","TSSOP-20_4.4x6.5mm_P0.65mm",49.000000,32.000000,0.000000,top
"U7","SN74LVC541APWR","TSSOP-20_4.4x6.5mm_P0.65mm",96.000000,73.000000,0.000000,top
"U8","SN74LVC541APWR","TSSOP-20_4.4x6.5mm_P0.65mm",133.000000,73.000000,0.000000,top
"U9","SN74LVC541APWR","TSSOP-20_4.4x6.5mm_P0.65mm",96.000000,32.000000,0.000000,top
"U10","SN74LVC541APWR","TSSOP-20_4.4x6.5mm_P0.65mm",133.000000,32.000000,0.000000,top
"U11","SN74LVC541APWR","TSSOP-20_4.4x6.5mm_P0.65mm",122.000000,108.000000,0.000000,top
