Designator,Mid X,Mid Y,Layer,Rotation
C1,186.000000,-32.799999,T,180.000000
C2,168.750000,-26.100000,T,90.000000
C3,176.200000,-27.049999,T,0.000000
C4,59.500000,-26.862500,T,0.000000
C5,107.500000,-26.862500,T,0.000000
C6,174.800000,-76.550000,T,180.000000
C7,183.200000,-76.550000,T,0.000000
C8,174.000000,-87.800000,T,180.000000
C9,174.000000,-91.000000,T,180.000000
C10,192.112500,-83.500000,T,180.000000
C11,178.000000,-55.000000,T,180.000000
C13,185.000000,-55.000000,T,180.000000
C14,182.500000,-47.500000,T,180.000000
C15,188.000000,-65.800000,T,180.000000
C20,34.500000,-43.500000,T,90.000000
C21,40.500000,-43.500000,T,90.000000
C22,46.500000,-43.500000,T,90.000000
C23,52.500000,-43.500000,T,90.000000
C24,58.500000,-43.500000,T,90.000000
C25,64.500000,-43.500000,T,90.000000
C26,70.500000,-43.500000,T,90.000000
C27,76.500000,-43.500000,T,90.000000
C28,82.500000,-43.500000,T,90.000000
C29,88.500000,-43.500000,T,90.000000
C30,94.500000,-43.500000,T,90.000000
C31,100.500000,-43.500000,T,90.000000
C32,106.500000,-43.500000,T,90.000000
C33,112.500000,-43.500000,T,90.000000
C34,118.500000,-43.500000,T,90.000000
C35,124.500000,-43.500000,T,90.000000
C40,32.000000,-94.000000,T,0.000000
C41,38.000000,-94.000000,T,0.000000
C42,44.000000,-94.000000,T,0.000000
C43,50.000000,-94.000000,T,0.000000
C44,56.000000,-94.000000,T,0.000000
C45,62.000000,-94.000000,T,0.000000
C46,68.000000,-94.000000,T,0.000000
C47,74.000000,-94.000000,T,0.000000
C48,80.000000,-94.000000,T,0.000000
C49,86.000000,-94.000000,T,0.000000
C50,92.000000,-94.000000,T,0.000000
C51,98.000000,-94.000000,T,0.000000
C52,104.000000,-94.000000,T,0.000000
C53,110.000000,-94.000000,T,0.000000
C54,116.000000,-94.000000,T,0.000000
C55,122.000000,-94.000000,T,0.000000
C60,169.000000,-40.500000,T,0.000000
C61,173.000000,-40.500000,T,0.000000
C62,177.000000,-40.500000,T,0.000000
C63,181.000000,-40.500000,T,0.000000
C64,190.000000,-18.000000,T,0.000000
C65,171.800000,-22.050000,T,180.000000
C66,180.200000,-22.050000,T,0.000000
C68,168.000000,-32.500000,T,180.000000
C69,173.000000,-31.000000,T,0.000000
C70,162.000000,-62.200000,T,0.000000
C71,154.000000,-68.800000,T,90.000000
C73,145.300000,-60.000000,T,180.000000
C74,145.300000,-62.400000,T,180.000000
C75,188.800000,-46.300000,T,90.000000
C76,140.000000,-71.000000,T,0.000000
C77,135.000000,-71.000000,T,0.000000
C78,182.000000,-36.300000,T,0.000000
D1,179.000000,-42.800000,T,0.000000
D10,32.000000,-48.000000,T,270.000000
D11,38.000000,-48.000000,T,270.000000
D12,44.000000,-48.000000,T,270.000000
D13,50.000000,-48.000000,T,270.000000
D14,56.000000,-48.000000,T,270.000000
D15,62.000000,-48.000000,T,270.000000
D16,68.000000,-48.000000,T,270.000000
D17,74.000000,-48.000000,T,270.000000
D18,80.000000,-48.000000,T,270.000000
D19,86.000000,-48.000000,T,270.000000
D20,92.000000,-48.000000,T,270.000000
D21,98.000000,-48.000000,T,270.000000
D22,104.000000,-48.000000,T,270.000000
D23,110.000000,-48.000000,T,270.000000
D24,116.000000,-48.000000,T,270.000000
D25,122.000000,-48.000000,T,270.000000
D26,32.000000,-60.000000,T,270.000000
D27,38.000000,-60.000000,T,270.000000
D28,44.000000,-60.000000,T,270.000000
D29,50.000000,-60.000000,T,270.000000
D30,56.000000,-60.000000,T,270.000000
D31,62.000000,-60.000000,T,270.000000
D32,68.000000,-60.000000,T,270.000000
D33,74.000000,-60.000000,T,270.000000
D34,80.000000,-60.000000,T,270.000000
D35,86.000000,-60.000000,T,270.000000
D36,92.000000,-60.000000,T,270.000000
D37,98.000000,-60.000000,T,270.000000
D38,104.000000,-60.000000,T,270.000000
D39,110.000000,-60.000000,T,270.000000
D40,116.000000,-60.000000,T,270.000000
D41,122.000000,-60.000000,T,270.000000
D42,32.000000,-72.000000,T,270.000000
D43,38.000000,-72.000000,T,270.000000
D44,44.000000,-72.000000,T,270.000000
D45,50.000000,-72.000000,T,270.000000
D46,56.000000,-72.000000,T,270.000000
D47,62.000000,-72.000000,T,270.000000
D48,68.000000,-72.000000,T,270.000000
D49,74.000000,-72.000000,T,270.000000
D50,80.000000,-72.000000,T,270.000000
D51,86.000000,-72.000000,T,270.000000
D52,92.000000,-72.000000,T,270.000000
D53,98.000000,-72.000000,T,270.000000
D54,104.000000,-72.000000,T,270.000000
D55,110.000000,-72.000000,T,270.000000
D56,116.000000,-72.000000,T,270.000000
D57,122.000000,-72.000000,T,270.000000
D58,32.000000,-84.000000,T,270.000000
D59,38.000000,-84.000000,T,270.000000
D60,44.000000,-84.000000,T,270.000000
D61,50.000000,-84.000000,T,270.000000
D62,56.000000,-84.000000,T,270.000000
D63,62.000000,-84.000000,T,270.000000
D64,68.000000,-84.000000,T,270.000000
D65,74.000000,-84.000000,T,270.000000
D66,80.000000,-84.000000,T,270.000000
D67,86.000000,-84.000000,T,270.000000
D68,92.000000,-84.000000,T,270.000000
D69,98.000000,-84.000000,T,270.000000
D70,104.000000,-84.000000,T,270.000000
D71,110.000000,-84.000000,T,270.000000
D72,116.000000,-84.000000,T,270.000000
D73,122.000000,-84.000000,T,270.000000
D74,199.200000,-81.700000,T,90.000000
J1,155.000000,-24.300000,T,0.000000
J2,155.000000,-49.300000,T,0.000000
J3,195.775000,-30.000000,T,90.000000
J5,197.460000,-90.000000,T,0.000000
J6,197.460000,-50.000000,T,0.000000
J7,197.460000,-70.000000,T,0.000000
J8,147.000000,-75.420000,T,0.000000
L1,193.062500,-87.200000,T,90.000000
Q1,32.000000,-38.000000,T,90.000000
Q2,38.000000,-38.000000,T,90.000000
Q3,44.000000,-38.000000,T,90.000000
Q4,50.000000,-38.000000,T,90.000000
Q5,56.000000,-38.000000,T,90.000000
Q6,62.000000,-38.000000,T,90.000000
Q7,68.000000,-38.000000,T,90.000000
Q8,74.000000,-38.000000,T,90.000000
Q9,80.000000,-38.000000,T,90.000000
Q10,86.000000,-38.000000,T,90.000000
Q11,92.000000,-38.000000,T,90.000000
Q12,98.000000,-38.000000,T,90.000000
Q13,104.000000,-38.000000,T,90.000000
Q14,110.000000,-38.000000,T,90.000000
Q15,116.000000,-38.000000,T,90.000000
Q16,122.000000,-38.000000,T,90.000000
R3,183.000000,-42.800000,T,180.000000
R4,164.000000,-18.000000,T,0.000000
R5,191.600000,-79.800000,T,0.000000
R6,174.000000,-85.600000,T,180.000000
R7,174.000000,-82.600000,T,180.000000
R8,191.000000,-50.000000,T,180.000000
R9,191.700000,-46.337500,T,90.000000
R10,32.000000,-52.000000,T,90.000000
R11,38.000000,-52.000000,T,90.000000
R12,44.000000,-52.000000,T,90.000000
R13,50.000000,-52.000000,T,90.000000
R14,56.000000,-52.000000,T,90.000000
R15,62.000000,-52.000000,T,90.000000
R16,68.000000,-52.000000,T,90.000000
R17,74.000000,-52.000000,T,90.000000
R18,80.000000,-52.000000,T,90.000000
R19,86.000000,-52.000000,T,90.000000
R20,92.000000,-52.000000,T,90.000000
R21,98.000000,-52.000000,T,90.000000
R22,104.000000,-52.000000,T,90.000000
R23,110.000000,-52.000000,T,90.000000
R24,116.000000,-52.000000,T,90.000000
R25,122.000000,-52.000000,T,90.000000
R26,32.000000,-64.000000,T,90.000000
R27,38.000000,-64.000000,T,90.000000
R28,44.000000,-64.000000,T,90.000000
R29,50.000000,-64.000000,T,90.000000
R30,56.000000,-64.000000,T,90.000000
R31,62.000000,-64.000000,T,90.000000
R32,68.000000,-64.000000,T,90.000000
R33,74.000000,-64.000000,T,90.000000
R34,80.000000,-64.000000,T,90.000000
R35,86.000000,-64.000000,T,90.000000
R36,92.000000,-64.000000,T,90.000000
R37,98.000000,-64.000000,T,90.000000
R38,104.000000,-64.000000,T,90.000000
R39,110.000000,-64.000000,T,90.000000
R40,116.000000,-64.000000,T,90.000000
R41,122.000000,-64.000000,T,90.000000
R42,32.000000,-76.000000,T,90.000000
R43,38.000000,-76.000000,T,90.000000
R44,44.000000,-76.000000,T,90.000000
R45,50.000000,-76.000000,T,90.000000
R46,56.000000,-76.000000,T,90.000000
R47,62.000000,-76.000000,T,90.000000
R48,68.000000,-76.000000,T,90.000000
R49,74.000000,-76.000000,T,90.000000
R50,80.000000,-76.000000,T,90.000000
R51,86.000000,-76.000000,T,90.000000
R52,92.000000,-76.000000,T,90.000000
R53,98.000000,-76.000000,T,90.000000
R54,104.000000,-76.000000,T,90.000000
R55,110.000000,-76.000000,T,90.000000
R56,116.000000,-76.000000,T,90.000000
R57,122.000000,-76.000000,T,90.000000
R58,32.000000,-88.000000,T,90.000000
R59,38.000000,-88.000000,T,90.000000
R60,44.000000,-88.000000,T,90.000000
R61,50.000000,-88.000000,T,90.000000
R62,56.000000,-88.000000,T,90.000000
R63,62.000000,-88.000000,T,90.000000
R64,68.000000,-88.000000,T,90.000000
R65,74.000000,-88.000000,T,90.000000
R66,80.000000,-88.000000,T,90.000000
R67,86.000000,-88.000000,T,90.000000
R68,92.000000,-88.000000,T,90.000000
R69,98.000000,-88.000000,T,90.000000
R70,104.000000,-88.000000,T,90.000000
R71,110.000000,-88.000000,T,90.000000
R72,116.000000,-88.000000,T,90.000000
R73,122.000000,-88.000000,T,90.000000
R80,174.000000,-52.000000,T,180.000000
R81,174.000000,-49.000000,T,180.000000
R100,32.000000,-33.000000,T,270.000000
R101,38.000000,-33.000000,T,270.000000
R102,44.000000,-33.000000,T,270.000000
R103,50.000000,-33.000000,T,270.000000
R104,56.000000,-33.000000,T,270.000000
R105,62.000000,-33.000000,T,270.000000
R106,68.000000,-33.000000,T,270.000000
R107,74.000000,-33.000000,T,270.000000
R108,80.000000,-33.000000,T,270.000000
R109,86.000000,-33.000000,T,270.000000
R110,92.000000,-33.000000,T,270.000000
R111,98.000000,-33.000000,T,270.000000
R112,104.000000,-33.000000,T,270.000000
R113,110.000000,-33.000000,T,270.000000
R114,116.000000,-33.000000,T,270.000000
R115,122.000000,-33.000000,T,270.000000
R120,35.000000,-36.150000,T,90.000000
R121,41.000000,-36.150000,T,90.000000
R122,47.000000,-36.150000,T,90.000000
R123,53.000000,-36.150000,T,90.000000
R124,59.000000,-36.150000,T,90.000000
R125,65.000000,-36.150000,T,90.000000
R126,71.000000,-36.150000,T,90.000000
R127,77.000000,-36.150000,T,90.000000
R128,83.000000,-36.150000,T,90.000000
R129,89.000000,-36.150000,T,90.000000
R130,95.000000,-36.150000,T,90.000000
R131,101.000000,-36.150000,T,90.000000
R132,107.000000,-36.150000,T,90.000000
R133,113.000000,-36.150000,T,90.000000
R134,119.000000,-36.150000,T,90.000000
R135,125.000000,-36.150000,T,90.000000
R140,115.000000,-23.000000,T,0.000000
R160,188.800000,-55.000000,T,180.000000
R161,188.800000,-58.000000,T,0.000000
R162,192.000000,-70.000000,T,0.000000
R163,184.000000,-69.050000,T,180.000000
R164,193.500000,-19.100000,T,90.000000
R167,182.500000,-26.000000,T,0.000000
R168,186.500000,-26.000000,T,0.000000
R169,181.800000,-33.000000,T,0.000000
R170,173.000000,-37.500000,T,0.000000
R173,162.000000,-59.900000,T,0.000000
R174,145.730000,-71.000000,T,90.000000
R175,151.000000,-71.000000,T,90.000000
R176,178.000000,-36.300000,T,0.000000
R177,174.000000,-79.800000,T,180.000000
R178,162.000000,-64.400000,T,180.000000
R179,196.500000,-80.912500,T,0.000000
R180,174.000000,-94.000000,T,0.000000
U1,188.500000,-30.000000,T,90.000000
U2,172.000000,-28.000000,T,270.000000
U3,53.650000,-24.000000,T,180.000000
U4,101.650000,-24.000000,T,180.000000
U5,179.000000,-77.500000,T,270.000000
U6,183.500000,-86.700000,T,180.000000
U7,180.000000,-50.950000,T,0.000000
U9,186.000000,-50.950000,T,0.000000
U10,188.000000,-69.050000,T,180.000000
U11,188.000000,-21.000000,T,270.000000
U12,176.000000,-23.000000,T,270.000000
U14,173.000000,-34.000000,T,0.000000
U15,160.500000,-70.000000,T,270.000000
