Comment,Designator,Footprint,LCSC Part #
3.3pF,"C1, C2",Module:CAPC1005X60,C76906
1uF,C32,Module:CAPC1005X60,C29266
10uF / 10V,"C33, C34, C43, C45, C60",Module:C_0603_1608Metric,C19702
0.1uF,"C35, C37, C38, C39, C40, C41, C42, C44, C46, C48, C49, C50, C52",Module:CAPC1005X60,C1525
12pF,"C6, C7",Module:CAPC1005X60,C26406
22uF / 10V,"C61, C67",Module:C_0603_1608Metric,C5355402
1uF / 6.3V,"C62, C63, C66",Module:C_0603_1608Metric,C15849
FC-B1010RGBT-HG,D1,Module:RGBLED,C158099
DF40C(2.0)-40DS-0.4V(51),J1,Module:DF40C_40DS_2mm,C597934
DF40C-40DP-0.4V(51),J2,Module:DF40C_40DP,C424643
U.FL-R-SMT-1(01),J3,Module:U.FL_Hirose_U.FL-R-SMT-1_Vertical,
100ohm @100MHz,"L1, L2",Module:L_0603_1608Metric,C160981
2.2nH,L3,Module:INDC1006X60N,C86061
2.2uH,L4,Module:L_XFL3012_222MEC,C3911432
10kR,"R20, R22, R28, R29",Module:RESC1005X40,C60490
0R,R3,Module:RESC1005X40,C17168
100kR,R62,Module:R_0402_1005Metric,C60491
75kR,R64,Module:R_0402_1005Metric,C25798
24kR,R65,Module:R_0402_1005Metric,C25769
ESP32-S2FH4,U1,Module:QFN56_ESP32-S2FH4_EXP-M,C2840995
iCE40UP5K-SG48,U2,Module:ICE40-QFN,C2678152
TPS62160DGKR,U3,Module:VSSOP-8_3x3mm_P0.65mm,C60726
TLV75512PDBVR,U4,Module:SOT-23-5,C2877864
40MHz / CL10pF,Y1,Module:JGHC_S2240000101050,C426970
