Comment,Designator,Quantity,Footprint,MPN,LCSC Part #,Supplier URL
100nF,"C1,C4,C5,C8,C11,C12,C13,C14,C15,C20,C21,C22,C23,C24,C25,C26,C27,C28,C29,C30,C31,C32,C33,C34,C35,C64,C67,C68,C69,C73,C76",31,Calibrator:C_0805_2012Metric,CL21B104KBCNNNC,C1711,https://www.lcsc.com/product-detail/C1711.html
4.7uF,"C2,C3,C6,C7,C9,C65,C66",7,Calibrator:C_0805_2012Metric,CL21A475KAQNNNE,C1779,https://www.lcsc.com/product-detail/C1779.html
10nF,C10,1,Calibrator:C_0805_2012Metric,CL21B103KBANNNC,C1710,https://www.lcsc.com/product-detail/C1710.html
10uF / 10uF / 25V,"C40,C41,C42,C43,C44,C45,C46,C47,C48,C49,C50,C51,C52,C53,C54,C55,C60,C61,C62,C63,C70,C74,C77",23,Calibrator:C_0805_2012Metric,CL21A106KAYNNNE,C15850,https://www.lcsc.com/product-detail/C15850.html
22uF / 25V,"C71,C72",2,Calibrator:C_0805_2012Metric,CL21A226MAQNNNE,C45783,https://www.lcsc.com/product-detail/C45783.html
1nF,C75,1,Calibrator:C_0805_2012Metric,TCC0805COG102G500BT,C5375915,https://www.lcsc.com/product-detail/C5375915.html
GREEN,D1,1,Calibrator:LED_0603_1608Metric,XL-1608SYGC-06,C965805,https://www.lcsc.com/product-detail/C965805.html
BLUE,"D10,D11,D12,D13,D14,D15,D16,D17,D18,D19,D20,D21,D22,D23,D24,D25,D26,D27,D28,D29,D30,D31,D32,D33,D34,D35,D36,D37,D38,D39,D40,D41,D42,D43,D44,D45,D46,D47,D48,D49,D50,D51,D52,D53,D54,D55,D56,D57,D58,D59,D60,D61,D62,D63,D64,D65,D66,D67,D68,D69,D70,D71,D72,D73",64,Calibrator:LED_1206_3216Metric,YLED1206B,C28310438,https://www.lcsc.com/product-detail/C28310438.html
DF40C-40DP-0.4V(51),J1,1,Calibrator:J1_Module_v1_Mate,DF40C-40DP-0.4V(51),C424643,https://www.lcsc.com/product-detail/C424643.html
DF40C(2.0)-40DS-0.4V(51),J2,1,Calibrator:J2_Module_v1_Mate,DF40C(2.0)-40DS-0.4V(51),C597934,https://www.lcsc.com/product-detail/C597934.html
USB-C 5V/3A + DATA,J3,1,Calibrator:USB_C_Receptacle_HRO_TYPE-C-31-M-12,TYPE-C-31-M-12,C165948,https://www.lcsc.com/product-detail/C165948.html
GPS ANTENNA / INPUT 5V / 2.5V THRESHOLD / FPGA OUTPUT 5V,"J5,J6,J7",3,Calibrator:SMA_Amphenol_132289_EdgeMount,132289,C3172723,https://www.lcsc.com/product-detail/C3172723.html
27nH,L1,1,Calibrator:L_Coilcraft_0805CS,0805CS-270XGLC,C38841159,https://www.lcsc.com/product-detail/C38841159.html
2.2uH,L2,1,Calibrator:L4_L_XFL3012_222MEC,XFL3012-222MEC,C3911432,https://www.lcsc.com/product-detail/C3911432.html
AO3400A,"Q1,Q2,Q3,Q4,Q5,Q6,Q7,Q8,Q9,Q10,Q11,Q12,Q13,Q14,Q15,Q16",16,Calibrator:SOT-23,AO3400A,C20917,https://www.lcsc.com/product-detail/C20917.html
2.2k,R3,1,Calibrator:R_0805_2012Metric,0805W8F2201T5E,C17520,https://www.lcsc.com/product-detail/C17520.html
100k,"R4,R9,R120,R121,R122,R123,R124,R125,R126,R127,R128,R129,R130,R131,R132,R133,R134,R135,R140,R141,R142,R143,R144,R145,R146,R147,R148,R149,R150,R151,R152,R153,R154,R155,R163,R169",36,Calibrator:R_0805_2012Metric,RC0805FR-07100KL,C96346,https://www.lcsc.com/product-detail/C96346.html
10R 0.25W,R5,1,Calibrator:R_1206_3216Metric,1206W4F100JT5E,C17903,https://www.lcsc.com/product-detail/C17903.html
100R,"R6,R7,R80,R81,R100,R101,R102,R103,R104,R105,R106,R107,R108,R109,R110,R111,R112,R113,R114,R115",20,Calibrator:R_0805_2012Metric,RC0805FR-07100RL,C105577,https://www.lcsc.com/product-detail/C105577.html
1k,R8,1,Calibrator:R_0805_2012Metric,0805W8F1001T5E,C17513,https://www.lcsc.com/product-detail/C17513.html
470R 1%,"R10,R11,R12,R13,R14,R15,R16,R17,R18,R19,R20,R21,R22,R23,R24,R25,R26,R27,R28,R29,R30,R31,R32,R33,R34,R35,R36,R37,R38,R39,R40,R41,R42,R43,R44,R45,R46,R47,R48,R49,R50,R51,R52,R53,R54,R55,R56,R57,R58,R59,R60,R61,R62,R63,R64,R65,R66,R67,R68,R69,R70,R71,R72,R73",64,Calibrator:R_0805_2012Metric,0805W8F4700T5E,C17710,https://www.lcsc.com/product-detail/C17710.html
10k,"R160,R161,R167,R168",4,Calibrator:R_0805_2012Metric,0805W8F1002T5E,C17414,https://www.lcsc.com/product-detail/C17414.html
33R,"R162,R173",2,Calibrator:R_0805_2012Metric,0805W8F330JT5E,C17634,https://www.lcsc.com/product-detail/C17634.html
300k,"R164,R165,R166",3,Calibrator:R_0805_2012Metric,0805W8F3003T5E,C17616,https://www.lcsc.com/product-detail/C17616.html
820R,R170,1,Calibrator:R_0805_2012Metric,0805W8F8200T5E,C17837,https://www.lcsc.com/product-detail/C17837.html
75kR,R171,1,Calibrator:R_0805_2012Metric,RC0805FR-0775KL,C137491,https://www.lcsc.com/product-detail/C137491.html
24kR,R172,1,Calibrator:R_0805_2012Metric,0805W8F2402T5E,C17575,https://www.lcsc.com/product-detail/C17575.html
4.7k,"R174,R175",2,Calibrator:R_0805_2012Metric,0805W8F4701T5E,C17673,https://www.lcsc.com/product-detail/C17673.html
USBLC6-2SC6,U1,1,Calibrator:SOT-23-6_U1,USBLC6-2SC6,C7519,https://www.lcsc.com/product-detail/C7519.html
AP2112K-3.3,"U2,U5",2,Calibrator:SOT-23-5,AP2112K-3.3TRG1,C51118,https://www.lcsc.com/product-detail/C51118.html
SN74LVC541APWR,"U3,U4",2,Calibrator:TSSOP-20_4.4x6.5mm_P0.65mm,SN74LVC541APWR,C113281,https://www.lcsc.com/product-detail/C113281.html
MAX-M10S-00B-01,U6,1,Calibrator:ublox_MAX,MAX-M10S-00B-01,C24834155,https://www.lcsc.com/product-detail/C24834155.html
SN74LVC1G17DBVR,U7,1,Calibrator:SOT-23-5,SN74LVC1G17DBVR,C7836,https://www.lcsc.com/product-detail/C7836.html
TPS2553DBVR,U8,1,Calibrator:SOT-23-6_U8,TPS2553DBVR,C55266,https://www.lcsc.com/product-detail/C55266.html
TLV3501AIDBVR,U9,1,Calibrator:SOT-23-6_U9,TLV3501AIDBVR,C193413,https://www.lcsc.com/product-detail/C193413.html
SN74AHCT1G125DBVR,U10,1,Calibrator:SOT-23-5_U10,SN74AHCT1G125DBVR,C7484,https://www.lcsc.com/product-detail/C7484.html
TUSB320LAIRWBR,U11,1,Calibrator:Texas_X2QFN-12_1.6x1.6mm_P0.4mm,TUSB320LAIRWBR,C132554,https://www.lcsc.com/product-detail/C132554.html
AP2112K-3.3,U12,1,Calibrator:SOT-23-5_U12,AP2112K-3.3TRG1,C51118,https://www.lcsc.com/product-detail/C51118.html
SN74LVC1G02DCKR,U13,1,Calibrator:SOT-353_SC-70-5,SN74LVC1G02DCKR,C113520,https://www.lcsc.com/product-detail/C113520.html
TPS259531DSGR,U14,1,Calibrator:DFN-8-1EP_2x2mm_P0.5mm_EP0.9x1.6mm,TPS259531DSGR,C2155674,https://www.lcsc.com/product-detail/C2155674.html
TPS62160DGKR,U15,1,Calibrator:U3_VSSOP-8_3x3mm_P0.65mm,TPS62160DGKR,C60726,https://www.lcsc.com/product-detail/C60726.html
HS96L03W2C03,DS1,1,Calibrator:HS96L03W2C03_27.3x27.8mm,HS96L03W2C03,,https://www.lcsc.com/product-detail/C5248080.html
AOC97FAJC-10.0000,Y1,1,Calibrator:AOC97_9.7x7.5mm,AOC97FAJC-10.0000,,https://www.digikey.com/en/products/detail/abracon-llc/AOC97FAJC-10-0000/24393648
