Designator,Mid X,Mid Y,Layer,Rotation
J1,10.0000mm,-15.7500mm,Bottom,180.000000
J2,10.0000mm,-40.7500mm,Bottom,180.000000
C1,12.6846mm,-10.9000mm,Top,0.000000
C2,12.6846mm,-8.1000mm,Top,0.000000
C6,18.3000mm,-13.2000mm,Top,0.000000
C7,18.3000mm,-17.8000mm,Top,180.000000
C32,18.2000mm,-11.2000mm,Top,0.000000
C33,5.2000mm,-8.7250mm,Top,90.000000
C34,9.8000mm,-8.7250mm,Top,90.000000
C35,11.3500mm,-9.8000mm,Top,90.000000
C37,14.5000mm,-11.4000mm,Top,0.000000
C38,4.1000mm,-14.9000mm,Top,180.000000
C39,16.7000mm,-17.8000mm,Top,0.000000
C40,4.2500mm,-17.6000mm,Top,180.000000
C41,7.8000mm,-20.6500mm,Top,-90.000000
C42,15.1500mm,-12.9000mm,Top,90.000000
C43,3.3000mm,-37.5500mm,Top,180.000000
C44,3.3000mm,-38.7500mm,Top,180.000000
C45,3.3000mm,-34.2000mm,Top,0.000000
C46,3.3000mm,-41.2500mm,Top,180.000000
C48,7.3000mm,-33.6500mm,Top,180.000000
C49,3.3000mm,-39.9500mm,Top,180.000000
C50,17.0000mm,-40.2500mm,Top,0.000000
C52,17.0000mm,-42.2500mm,Top,0.000000
C60,18.6000mm,-20.0000mm,Top,-90.000000
C61,16.0000mm,-29.8000mm,Top,0.000000
C62,2.5000mm,-20.5000mm,Top,0.000000
C63,1.9500mm,-26.3000mm,Top,0.000000
C66,3.3000mm,-42.6500mm,Top,180.000000
C67,16.0000mm,-32.5000mm,Top,0.000000
D1,17.8000mm,-44.0000mm,Top,0.000000
J3,12.2000mm,-5.0000mm,Top,90.000000
L1,7.5000mm,-9.5000mm,Top,0.000000
L2,3.3000mm,-36.0000mm,Top,0.000000
L3,12.2000mm,-9.5000mm,Top,90.000000
L4,16.0000mm,-27.5000mm,Top,180.000000
R3,16.7000mm,-13.2000mm,Top,0.000000
R20,6.1500mm,-20.6500mm,Top,90.000000
R22,16.5000mm,-11.2000mm,Top,180.000000
R28,17.0000mm,-38.0000mm,Top,180.000000
R29,17.0000mm,-39.0000mm,Top,0.000000
R62,18.5000mm,-23.8000mm,Top,90.000000
R64,12.9500mm,-23.4000mm,Top,180.000000
R65,12.9500mm,-22.0000mm,Top,0.000000
U1,10.0000mm,-15.5000mm,Top,-90.000000
U2,10.0000mm,-39.5000mm,Top,180.000000
U3,16.0000mm,-22.8000mm,Top,-90.000000
U4,3.0000mm,-23.5250mm,Top,0.000000
Y1,17.8000mm,-15.5000mm,Top,-90.000000
