Comment,Designator,Footprint,LCSC Part #
100nF,"C1,C4,C5,C8,C11,C13,C14,C15,C20,C21,C22,C23,C24,C25,C26,C27,C28,C29,C30,C31,C32,C33,C34,C35,C68,C69,C73,C76,C78",Calibrator:C_0805_2012Metric,C1711
4.7uF,"C2,C3,C6,C7,C9,C65,C66",Calibrator:C_0805_2012Metric,C1779
10nF,C10,Calibrator:C_0805_2012Metric,C1710
10uF / 10uF / 25V,"C40,C41,C42,C43,C44,C45,C46,C47,C48,C49,C50,C51,C52,C53,C54,C55,C60,C61,C62,C63,C70,C74,C77",Calibrator:C_0805_2012Metric,C15850
1uF,C64,Calibrator:C_0805_2012Metric,C28323
22uF / 25V,C71,Calibrator:C_0805_2012Metric,C45783
1nF,C75,Calibrator:C_0805_2012Metric,C29925
GREEN,"D1,D74",Calibrator:LED_0603_1608Metric,C965805
GREEN,"D10,D11,D12,D13,D14,D15,D16,D17,D18,D19,D20,D21,D22,D23,D24,D25,D26,D27,D28,D29,D30,D31,D32,D33,D34,D35,D36,D37,D38,D39,D40,D41,D42,D43,D44,D45,D46,D47,D48,D49,D50,D51,D52,D53,D54,D55,D56,D57,D58,D59,D60,D61,D62,D63,D64,D65,D66,D67,D68,D69,D70,D71,D72,D73",Calibrator:LED_1206_3216Metric,C30584801
DF40C-40DP-0.4V(51),J1,Calibrator:J1_Module_v1_Mate,C424643
DF40C(2.0)-40DS-0.4V(51),J2,Calibrator:J2_Module_v1_Mate,C597934
USB-C 5V/3A + DATA,J3,Calibrator:USB_C_Receptacle_HRO_TYPE-C-31-M-12,C165948
GPS ANTENNA / INPUT 5V / 2.5V THRESHOLD / FPGA OUTPUT 5V,"J5,J6,J7",Calibrator:SMA_Amphenol_132289_EdgeMount,C3172723
61300411121,J8,Calibrator:OLED_Header_1x04_P2.54mm,C5184785
27nH,L1,Calibrator:L_Coilcraft_0805CS,C38841159
AO3400A,"Q1,Q2,Q3,Q4,Q5,Q6,Q7,Q8,Q9,Q10,Q11,Q12,Q13,Q14,Q15,Q16",Calibrator:SOT-23,C20917
2.2k,R3,Calibrator:R_0805_2012Metric,C17520
100k,"R4,R9,R120,R121,R122,R123,R124,R125,R126,R127,R128,R129,R130,R131,R132,R133,R134,R135,R163,R169,R176,R177,R178",Calibrator:R_0805_2012Metric,C96346
10R 0.25W,R5,Calibrator:R_1206_3216Metric,C17903
33R,"R6,R7,R162,R173,R180",Calibrator:R_0805_2012Metric,C17634
1k,"R8,R179",Calibrator:R_0805_2012Metric,C17513
470R 1%,"R10,R11,R12,R13,R14,R15,R16,R17,R18,R19,R20,R21,R22,R23,R24,R25,R26,R27,R28,R29,R30,R31,R32,R33,R34,R35,R36,R37,R38,R39,R40,R41,R42,R43,R44,R45,R46,R47,R48,R49,R50,R51,R52,R53,R54,R55,R56,R57,R58,R59,R60,R61,R62,R63,R64,R65,R66,R67,R68,R69,R70,R71,R72,R73",Calibrator:R_0805_2012Metric,C17710
100R,"R80,R81,R100,R101,R102,R103,R104,R105,R106,R107,R108,R109,R110,R111,R112,R113,R114,R115",Calibrator:R_0805_2012Metric,C105577
10k,"R140,R160,R161,R167,R168",Calibrator:R_0805_2012Metric,C17414
22.6k,R164,Calibrator:R_0805_2012Metric,C3016901
820R,R170,Calibrator:R_0805_2012Metric,C17837
4.7k,"R174,R175",Calibrator:R_0805_2012Metric,C17673
USBLC6-2SC6,U1,Calibrator:SOT-23-6_U1,C7519
AP2112K-3.3,"U2,U5,U12",Calibrator:SOT-23-5,C51118
SN74LVC541APWR,"U3,U4",Calibrator:TSSOP-20_4.4x6.5mm_P0.65mm,C113281
MAX-M10S-00B-01,U6,Calibrator:ublox_MAX,C24834155
SN74LVC1G17DBVR,U7,Calibrator:SOT-23-5,C7836
TLV3501AIDBVR,U9,Calibrator:SOT-23-6_U9,C193413
SN74AHCT1G125DBVR,U10,Calibrator:SOT-23-5_U10,C7484
HUSB238_002DD,U11,Calibrator:HUSB238_DFN10_3x3mm,C7471904
TPS259531DSGR,U14,Calibrator:DFN-8-1EP_2x2mm_P0.5mm_EP0.9x1.6mm,C2155674
TPS7A4533DCQR,U15,Calibrator:SOT-223-6,C2877942
